tool_mso_group,tool_mso_module
N_WFRTR1,N_WFRTR1
N_SCOPE3,TWV
N_PLSTH2,TWV
N_ESR,N_ESR
N_TWINSP,N_TWINSP
N_LIFT,LIFT
N_MTHOLD,NA
N_TEHOLD,N_TEHOLD
N_PCKPLA,N_PCKPLA
N_OVEN,FINAL
N_BMC,N_BMC
N_PRHOLD,N_PRHOLD
N_SPUT,METALS
N_EXPAND,N_EXPAND
N_SRD,CLEAN
N_MIC1,NA
N_SOLVV,FINAL
N_LOTST,N_LOTST
N_SHIP,N_SHIP
N_EVAP,METALS
N_FLDEXP,NA
N_WTRHTR,N_WTRHTR
AUPLATER,TWV
N_ASYHLD,FINAL
N_INTST,PROBE
N_EXT,N_EXT
N_PKGT,FINAL
N_DUMMYS,FINAL
N_AWS,N_AWS
N_GRIND,FINAL
N_TAPE,LIFT
N_TENCOD,NA
N_THNHLD,N_THNHLD
N_DUMMYP,PHOTO
N_DUMPRB,PROBE
N_AME,N_AME
N_SOURCE,N_SOURCE
N_PLATER,TWV
N_POLVAR,N_POLVAR
N_SCPTHN,FINAL
N_SPECT,N_SPECT
N_DUMINS,NA
N_VIS1,FINAL
N_SVGC,TWV
TWACIDA2,TWACIDA2
TWNOVA2,TWNOVA2
N_4PTPD,NA
N_DUMMY,FINAL
N_LD,N_LD
N_TENCOM,NA
N_MATAS,CLEAN
N_ACIDE,CLEAN
N_ENGFIN,N_ENGFIN
N_DUMMYI,N_DUMMYI
N_UVEXP2,N_UVEXP2
N_GAUGE,FINAL
N_SOLV1,NA
N_TENCO,METROLOG
N_DTHIN,FINAL
TWNOVB1,TWNOVB1
N_4PTP,METROLOG
N_ETHOLD,N_ETHOLD
N_ACIDP,CLEAN
N_RECEIV,N_RECEIV
N_RFMAP,PROBE
N_NAN02,METROLOG
N_WASH,N_WASH
N_DUMMYM,CLEAN
N_SAPST,START
N_ACIDA,NA
N_CLEAN,FINAL
TWACIDA1,TWACIDA1
N_BO,NA
N_N2BOX,NA
N_INK,N_INK
N_IMHOLD,NA
N_SCAL,NA
N_POVEN,FINAL
N_SOLV,TWV
N_BMO,NA
N_MACETC,N_MACETC
N_DUMMYD,METROLOG
N_CHILL,N_CHILL
N_FASTFE,FINAL
N_WFRTR,DRY ETCH
N_TPHOLD,N_TPHOLD
N_BREAK,N_BREAK
N_SEM,METROLOG
N_BMO3,N_BMO3
N_SPUT1,TWV
N_IMPLNT,IMPLANT
N_RTP,LIFT
N_SCOPE8,N_SCOPE8
N_FOI,N_FOI
N_SCOPE1,N_SCOPE1
N_RECLAI,N_RECLAI
N_SMEX,N_SMEX
N_VACCK2,N_VACCK2
TWNOVB2,TWNOVB2
N_NOV,DIELEC
N_PRBPTI,PROBE
N_IPC,TWV
N_SNETCH,DRY ETCH
N_HOTPLT,FINAL
N_IVS,METROLOG
N_VIS2,FINAL
N_POLYCO,NA
N_PROBE,PROBE
N_DRAGON,N_DRAGON
N_PK24PT,N_PK24PT
N_GOLF,N_GOLF
N_OFF,N_OFF
N_ACIDD,CLEAN
N_ACIDM,CLEAN
N_ALIGN,TWV
N_WAXMNT,FINAL
N_DEHOLD,NA
N_SCRB1,N_SCRB1
N_BULK,NA
N_COAT,PHOTO
N_RETSTO,NA
N_TOFAB,START
N_PVETCH,DRY ETCH
N_EAGLE,NA
N_DUMMYA,FINAL
N_HAMINS,METROLOG
N_PKG,FINAL
N_FSI1,TWV
N_SEM1,N_SEM1
N_CAN,PHOTO
N_LASER,START
N_WFCLN,N_WFCLN
N_AOI,METROLOG
N_NANO,TWV
N_HASPBO,N_HASPBO
N_TMPHUM,N_TMPHUM
N_MACMTL,METROLOG
TWNOVA1,TWNOVA1
N_SCPE4T,N_SCPE4T
TWACIDB2,TWACIDB2
N_IRVOP,METROLOG
N_SCRMNT,FINAL
N_SCOPE4,FINAL
N_FIB,PHOTO
N_VACCH,N_VACCH
N_SOLV4,N_SOLV4
N_SCOPE5,N_SCOPE5
N_VACCHK,N_VACCHK
TWACIDB1,TWACIDB1
N_MASK,N_MASK
N_DUMMYR,N_DUMMYR
N_FFNDY,N_FFNDY
N_SCOPE,FINAL
N_PRINT,N_PRINT
N_MM1,N_MM1
N_RETICL,NA
N_FSMM,METROLOG
N_RECOFF,N_RECOFF
N_PULL,N_PULL
N_SVGD,TWV
N_DEVLP,PHOTO
N_BMO2,PHOTO
N_SCOPE9,TWV
N_XFER,N_XFER
N_TLM,PROBE
N_PRMXM,NA
N_PLSTH3,DRY ETCH
N_MECPMP,N_MECPMP
N_ITHOLD,N_ITHOLD
N_FIND,NOTCHFIN
N_BMO5,FINAL
N_PKGUND,N_PKGUND
N_INKOUT,PROBE
N_PHHOLD,NA
N_ACIDFP,FINAL
