entity,tool,eqp_type,ch_type
N_SCAL19,N_SCAL19,N_SCAL,
N_TRAN18,N_TRAN18,N_XFER,
N_FIND19,N_FIND19,N_FIND,
N_FIT06,N_FIT06,N_FASTFE,
N_TRAN38,N_TRAN38,N_XFER,
N_PRHOLD,N_PRHOLD,N_PRHOLD,
N_DSAS04,N_DSAS04,N_MATAS,
N_SVGB01,N_SVGB01,N_HOTPLT,
N_RED08,N_RED08,N_DRAGON,
N_DSAS06,N_DSAS06,N_MATAS,
N_DSAS10,N_DSAS10,N_MATAS,
N_NIKO11,N_NIKO11,N_IRVOP,
N_EATS99,N_EATS99,N_SOURCE,
N_TRAN09,N_TRAN09,N_XFER,
N_CBCLN2,N_CBCLN2,N_SOLVV,
N_SCOP12,N_SCOP12,N_SCOPE1,
N_PRB47,N_PRB47,N_PROBE,
N_DRAG12,N_DRAG12,N_DRAGON,
N_TRAN30,N_TRAN30,N_XFER,
N_HASPBO,N_HASPBO,N_HASPBO,
N_TRMX12,N_TRMX12,N_MATAS,
N_SCOP06,N_SCOP06,N_SCOPE,
N_PLS111,N_PLS111,N_PLSTH2,
N_DSAS01,N_DSAS01,N_MATAS,
N_PART1M,N_PART1M,N_HAMINS,
N_CAN14,N_CAN14,N_CAN,
N_MEIS02,N_MEIS02,N_POLYCO,
N_PLSH02,N_PLSH02,N_PLSTH2,
N_DNS7C2,N_DNS07,N_COAT,COAT
N_DNS7C1,N_DNS07,N_COAT,COAT
N_BMC01,N_BMC01,N_BMC,
N_NIKO09,N_NIKO09,N_IRVOP,
N_PLS103,N_PLSH10,N_PLSTH3,PLSTH3
N_PLS101,N_PLSH10,N_PLSTH3,PLSTH3
N_RTP04,N_RTP04,N_RTP,
N_TRAN05,N_TRAN05,N_XFER,
N_SRD14,N_SRD14,N_SRD,
N_MAC01,N_MAC01,N_XFER,
N_RDB01,N_RDB01,N_DRAGON,
N_EXPN04,N_EXPN04,N_EXPAND,
N_EATS97,N_EATS97,N_SOURCE,
N_DUM99,N_DUM99,N_FLDEXP,
N_SRD18B,N_SRD18B,N_SRD,
N_PLSH73,N_PLSH73,N_PLSTH2,
N_HEAT1,N_HEAT1,N_WTRHTR,
N_FIND31,N_FIND31,N_FIND,
N_ACID15,N_ACID15,N_ACIDM,
N_SRD17,N_SRD17,N_SRD,
N_ACID14,N_ACID14,N_ACIDA,
N_DES01T,N_DES01T,N_BMO5,
N_PRB50,N_PRB50,N_PROBE,
N_TOFAB,N_TOFAB,N_TOFAB,
N_EATS98,N_EATS98,N_SOURCE,
N_EVAP15,N_EVAP15,N_EVAP,
N_DESO02,N_DESO02,N_BMO5,
N_SRD11B,N_SRD11B,N_SRD,
N_DUMMYI,N_DUMMYI,N_DUMMYI,
N_EDC01,N_EDC01,N_INTST,
TWACIDA2,TWACIDA2,TWACIDA2,
N_DSAS05,N_DSAS05,N_MATAS,
N_DTHIN,N_DTHIN,N_DTHIN,
N_SSEC04,N_SSEC04,N_LIFT,
N_N2BX10,N_N2BX10,N_N2BOX,
N_SRD25,N_SRD25,N_SRD,
N_PRB59,N_PRB59,N_PROBE,
N_ACI15M,N_ACI15M,N_ACIDM,
N_SCAL14,N_SCAL14,N_SCAL,
N_TRAN02,N_TRAN02,N_XFER,
N_NANO01,N_NANO01,N_NANO,
N_FIT01,N_FIT01,N_FASTFE,
N_POVEN4,N_POVEN4,N_POVEN,
N_LD02,N_LD02,N_LD,
N_ITHOLD,N_ITHOLD,N_ITHOLD,
N_GMNI02,N_GMNI02,N_WFRTR1,
N_PLSH41,N_PLSH41,N_PLSTH2,
N_OVEN06,N_OVEN06,N_OVEN,
N_LD03,N_LD03,N_LD,
N_DUMMY1,N_DUMMY1,N_DUMMY,
N_CAN09,N_CAN09,N_CAN,
N_FIND01,N_FIND01,N_FIND,
N_ZEIS02,N_ZEIS02,N_IRVOP,
N_N2BX02,N_N2BX02,N_N2BOX,
N_DRAG02,N_DRAG02,N_DRAGON,
N_DSAS11,N_DSAS11,N_MATAS,
N_TRAN31,N_TRAN31,N_XFER,
N_N2BX11,N_N2BX11,N_N2BOX,
N_DSAS02,N_DSAS02,N_MATAS,
N_MACRO2,N_MACRO2,N_MACMTL,
N_SEMDUM,N_SEMDUM,N_SEM1,
N_EVAP19,N_EVAP19,N_EVAP,
N_FIND38,N_FIND38,N_FIND,
N_TRAN15,N_TRAN15,N_XFER,
N_MM01,N_MM01,N_MM1,
N_ACI16M,N_ACI16M,N_ACIDM,
N_SPUT8C,N_SPUT08,N_SPUT,SPUT
N_SPUT8B,N_SPUT08,N_SPUT,SPUT
N_SPUT8D,N_SPUT08,N_SPUT,SPUT
N_GRND05,N_GRND05,N_GRIND,
N_TRAN13,N_TRAN13,N_XFER,
N_NIKO12,N_NIKO12,N_SCOPE3,
N_SCOP25,N_SCOP25,N_SCOPE,
N_TRMX21,N_TRMX21,N_MATAS,
N_SCRMT6,N_SCRMT6,N_SCRMNT,
N_ZEIS06,N_ZEIS06,N_IRVOP,
N_AWSC,N_AWSC,N_FFNDY,
N_FIB02,N_FIB02,N_FIB,
N_FIT05,N_FIT05,N_FASTFE,
N_PRB55,N_PRB55,N_PROBE,
N_NOV04,N_NOV04,N_NOV,
N_DSAS13,N_DSAS13,N_MATAS,
N_UVEX04,N_UVEX04,N_UVEXP2,
N_TRAN01,N_TRAN01,N_XFER,
N_IMHOLD,N_IMHOLD,N_IMHOLD,
N_TRAN33,N_TRAN33,N_XFER,
N_SCOP09,N_SCOP09,N_SCOPE4,
N_PDC02P,N_PDC02,N_INTST,PRTST
N_MEIS05,N_MEIS05,N_POLYCO,
N_DSAS14,N_DSAS14,N_MATAS,
N_SHIP01,N_SHIP01,N_SHIP,
N_SSEC05,N_SSEC05,N_LIFT,
N_FIND11,N_FIND11,N_FIND,
N_SVGD01,N_SVGD01,N_SVGD,
N_EVAP07,N_EVAP07,N_EVAP,
N_N2BX04,N_N2BX04,N_N2BOX,
N_SRD13B,N_SRD13B,N_SRD,
N_EVAP16,N_EVAP16,N_EVAP,
N_FIND04,N_FIND04,N_FIND,
N_PRB43,N_PRB43,N_PROBE,
N_POLY06,N_POLY06,N_BMO2,
N_PRB52,N_PRB52,N_PROBE,
N_NOV03P,N_NOV03P,N_MECPMP,
N_SCOP18,N_SCOP18,N_SCOPE,
N_PRMXM1,N_PRMXM1,N_PRMXM,
N_NOV05,N_NOV05,N_NOV,
N_SCOP10,N_SCOP10,N_SCOPE4,
N_RTP05,N_RTP05,N_RTP,
N_TAPE01,N_TAPE01,N_TAPE,
N_AUG03,N_AUG03,N_AOI,
N_DNS3D2,N_DNS03,N_DEVLP,DEVLP
N_DNS3D1,N_DNS03,N_DEVLP,DEVLP
N_DUMASY,N_DUMASY,N_DUMMYA,
N_SCOP11,N_SCOP11,N_SCOPE5,
N_PDC07P,N_PDC07,N_INTST,PRTST
TWNOVB1,TWNOVB1,TWNOVB1,
N_TNCO02,N_TNCO02,N_TENCO,
N_FIND18,N_FIND18,N_FIND,
N_TENCD1,N_TENCD1,N_TENCOD,
N_CUP4C4,N_CUPL04,N_PLATER,CUPL
N_CUP4C1,N_CUPL04,N_PLATER,WETSRD
N_CUP4C2,N_CUPL04,N_PLATER,CUPL
N_CUP4C3,N_CUPL04,N_PLATER,CUPL
N_TRAN17,N_TRAN17,N_XFER,
N_TRAN25,N_TRAN25,N_XFER,
N_SPUT07,N_SPUT07,N_SPUT1,
N_TRAN27,N_TRAN27,N_XFER,
N_SCRB01,N_SCRB01,N_SCRB1,
N_TEL2P1,N_TEL02,N_COAT,PBO
N_TEL2D2,N_TEL02,N_COAT,DEVLP
N_TEL2D1,N_TEL02,N_COAT,DEVLP
N_TEL2C1,N_TEL02,N_COAT,COAT
N_MEIS01,N_MEIS01,N_POLYCO,
N_SRMZ02,N_SRMZ02,N_FASTFE,
N_NOTAPE,N_NOTAPE,N_TAPE,
N_FIT07,N_FIT07,N_FASTFE,
N_SCOP24,N_SCOP24,N_SCOPE,
N_OFF01,N_OFF01,N_OFF,
N_FIT04,N_FIT04,N_FASTFE,
N_FEVII2,N_FEVII2,N_NAN02,
N_PHHOLD,N_PHHOLD,N_PHHOLD,
N_NOETCH,N_NOETCH,N_MATAS,
N_SCOP37,N_SCOP37,N_SCOPE4,
N_NOV02P,N_NOV02P,N_MECPMP,
N_SEM07,N_SEM07,N_SEM,
N_HOTPL5,N_HOTPL5,N_HOTPLT,
N_FORCE1,N_FORCE1,N_GAUGE,
N_EC11BL,N_EC11BL,N_BULK,
N_FIND30,N_FIND30,N_FIND,
N_VIS01,N_VIS01,N_VIS1,
N_GOLF15,N_GOLF15,N_GOLF,
N_CAN17,N_CAN17,N_CAN,
N_FIND14,N_FIND14,N_FIND,
N_FIT03,N_FIT03,N_FASTFE,
N_WFPR01,N_WFPR01,N_XFER,
N_LTST01,N_LTST01,N_LOTST,
N_SRD16,N_SRD16,N_SRD,
N_DUMYM,N_DUMYM,N_DUMMYM,
N_TRAN19,N_TRAN19,N_XFER,
N_SWP01,N_SWP01,N_WFRTR1,
N_EAT03,N_EAT03,N_IMPLNT,
N_ACI19R,N_ACID19,N_ACIDFP,ACIDFP
N_ACI19L,N_ACID19,N_ACIDFP,ACIDFP
N_SCP08D,N_SCP08D,N_SCPE4T,
N_SRD18,N_SRD18,N_SRD,
N_FIND27,N_FIND27,N_FIND,
N_DSAS12,N_DSAS12,N_MATAS,
N_DSAS09,N_DSAS09,N_MATAS,
N_SSEC11,N_SSEC11,N_LIFT,
N_SSEC13,N_SSEC13,N_LIFT,
N_ZS05D,N_ZS05D,N_SCPE4T,
N_TRAN04,N_TRAN04,N_XFER,
N_SSEC12,N_SSEC12,N_LIFT,
N_CND02,N_CND02,N_IRVOP,
N_NOV02,N_NOV02,N_NOV,
N_MGIP01,N_MGIP01,N_WFRTR,
N_EVAP09,N_EVAP09,N_EVAP,
N_NOADH,N_NOADH,N_ACIDM,
N_AUG07,N_AUG07,N_AOI,
N_FIND32,N_FIND32,N_FIND,
N_WFCLN4,N_WFCLN4,N_WFCLN,
N_TRAN06,N_TRAN06,N_XFER,
N_ALIGN5,N_ALIGN5,N_ALIGN,
N_SCOP35,N_SCOP35,N_SCOPE,
N_REEL14,N_REEL14,N_PKGT,
N_DPK241,N_DPK241,N_PK24PT,
N_PRB57,N_PRB57,N_PROBE,
N_FIND34,N_FIND34,N_FIND,
N_MGI01,N_MGI01,N_WFRTR1,
N_DRAG08,N_DRAG08,N_DRAGON,
N_RDB34,N_RDB34,N_DRAGON,
N_TRAN26,N_TRAN26,N_XFER,
N_ZEB_01,N_ZEB_01,N_PRINT,
N_FIND37,N_FIND37,N_FIND,
N_BMO02,N_BMO02,N_BMO3,
N_CHUCK1,N_CHUCK1,N_VACCHK,
N_FIND28,N_FIND28,N_FIND,
N_SPTS21,N_SPTS02,N_SNETCH,SNETCH
N_SPTS26,N_SPTS02,N_SNETCH,SNETCH
N_SPTS25,N_SPTS02,N_SNETCH,SNETCH
N_SPTS22,N_SPTS02,N_SNETCH,SNETCH
N_SVGC04,N_SVGC04,N_SVGC,
N_DUMMYP,N_DUMMYP,N_DUMMYP,
N_SRD19,N_SRD19,N_SRD,
N_CUP5C3,N_CUPL05,N_PLATER,CUPL
N_CUP5C4,N_CUPL05,N_PLATER,CUPL
N_CUP5C5,N_CUPL05,N_PLATER,CUPL
N_CUP5C2,N_CUPL05,N_PLATER,CUPL
N_CUP5C6,N_CUPL05,N_PLATER,SRD
N_CUP5C1,N_CUPL05,N_PLATER,WET
N_FIND26,N_FIND26,N_FIND,
N_IVS05,N_IVS05,N_IVS,
N_SRDC02,N_SRDC02,N_CLEAN,
N_SRD25B,N_SRD25B,N_SRD,
N_HEAT7,N_HEAT7,N_WTRHTR,
N_SCOP36,N_SCOP36,N_SCOPE,
N_AUP2C3,N_AUPL02,AUPLATER,AUPL
N_AUP2C6,N_AUPL02,AUPLATER,AUPL
N_AUP2C2,N_AUPL02,AUPLATER,WET
N_AUP2C4,N_AUPL02,AUPLATER,AUPL
N_AUP2C5,N_AUPL02,AUPLATER,SRD
N_AUP2C1,N_AUPL02,AUPLATER,AUPL
N_SVGC07,N_SVGC07,N_SVGC,
N_FIND06,N_FIND06,N_FIND,
N_DEL,N_DEL,N_RECOFF,
N_SPTS35,N_SPTS03,N_PVETCH,SNETCH
N_SPTS36,N_SPTS03,N_PVETCH,SNETCH
N_SPTS32,N_SPTS03,N_PVETCH,PVETCH
N_SPTS31,N_SPTS03,N_PVETCH,PVETCH
N_N2BX03,N_N2BX03,N_N2BOX,
N_SCOP16,N_SCOP16,N_SCOPE8,
N_SRD20B,N_SRD20B,N_SRD,
N_TLM01,N_TLM01,N_TLM,
N_NOV03,N_NOV03,N_NOV,
N_FIB01,N_FIB01,N_FIB,
N_TRAN29,N_TRAN29,N_XFER,
N_SSEC10,N_SSEC10,N_LIFT,
N_EATS95,N_EATS95,N_SOURCE,
TWNOVA1,TWNOVA1,TWNOVA1,
N_PLSH43,N_PLSH43,N_PLSTH2,
N_TRMX11,N_TRMX11,N_MATAS,
N_SCAL07,N_SCAL07,N_SCAL,
N_TAPE03,N_TAPE03,N_TAPE,
N_SCOP28,N_SCOP28,N_SCOPE8,
N_LTST02,N_LTST02,N_LOTST,
N_PLSH61,N_PLSH06,N_PLSTH3,PLSTH3
N_PLSH62,N_PLSH06,N_PLSTH3,PLSTH3
N_TRAN10,N_TRAN10,N_XFER,
N_PRB41,N_PRB41,N_PROBE,
N_RELOAD,N_RELOAD,N_DUMMYR,
N_DESO01,N_DESO01,N_BMO5,
N_ACID18,N_ACID18,N_ACIDE,
N_PRMX01,N_PRMX01,N_NAN02,
N_EATS96,N_EATS96,N_SOURCE,
N_SORT02,N_SORT02,N_WFRTR,
N_ENGFIN,N_ENGFIN,N_ENGFIN,
N_TL13D1,N_TEL13,N_DEVLP,DEVLP
N_TL13D3,N_TEL13,N_DEVLP,DEVLP
N_TL13D4,N_TEL13,N_DEVLP,DEVLP
N_TL13D2,N_TEL13,N_DEVLP,DEVLP
N_EVAP08,N_EVAP08,N_EVAP,
N_MTHOLD,N_MTHOLD,N_MTHOLD,
N_EVAP10,N_EVAP10,N_EVAP,
N_DUMMYS,N_DUMMYS,N_DUMMYS,
N_EVAP12,N_EVAP12,N_EVAP,
N_RED03,N_RED03,N_DRAGON,
N_MANUAL,N_MANUAL,N_PCKPLA,
N_CAN16,N_CAN16,N_CAN,
N_SCOP33,N_SCOP33,N_SCOPE4,
N_NODSAS,N_NODSAS,N_MATAS,
N_TENCD2,N_TENCD2,N_TENCOD,
N_EVAP20,N_EVAP20,N_EVAP,
N_FIND08,N_FIND08,N_FIND,
N_TRAN28,N_TRAN28,N_XFER,
N_OFFWF,N_OFFWF,N_AWS,
N_HOTPL9,N_HOTPL9,N_HOTPLT,
N_SCOP27,N_SCOP27,N_SCOPE8,
N_SRD11,N_SRD11,N_SRD,
N_FIND03,N_FIND03,N_FIND,
N_SRD19B,N_SRD19B,N_SRD,
N_EVAP14,N_EVAP14,N_EVAP,
N_ACID9M,N_ACID09,N_ACIDE,ACIDM
N_ACID9D,N_ACID09,N_ACIDE,ACIDD
N_WAXMT7,N_WAXMT7,N_WAXMNT,
N_THNHLD,N_THNHLD,N_THNHLD,
N_OVEN02,N_OVEN02,N_OVEN,
N_TEM08,N_TEM08,N_EVAP,
N_SORT03,N_SORT03,N_WFRTR,
N_CAN12,N_CAN12,N_CAN,
N_PLSH23,N_PLSH23,N_PLSTH2,
N_FIND15,N_FIND15,N_FIND,
N_WAXMT5,N_WAXMT5,N_WAXMNT,
N_ZEB_07,N_ZEB_07,N_PRINT,
N_SSEC07,N_SSEC07,N_LIFT,
N_TNCO03,N_TNCO03,N_TENCO,
N_CND03,N_CND03,N_SCOPE,
N_PRB45,N_PRB45,N_PROBE,
N_PKGDUM,N_PKGDUM,N_PKG,
N_SEAL04,N_SEAL04,N_PKG,
N_RF01,N_RF01,N_RFMAP,
N_HOTP10,N_HOTP10,N_HOTPLT,
N_NOVWOB,N_NOVWOB,N_NOV,
N_BO01,N_BO01,N_BO,
N_ACI20L,N_ACID20,N_ACIDE,ACIDE
N_ACI20R,N_ACID20,N_ACIDE,ACIDE
N_SCP33D,N_SCP33D,N_SCPE4T,
N_TRAN32,N_TRAN32,N_XFER,
N_PDC03,N_PDC03,N_INTST,
N_DUMPRB,N_DUMPRB,N_DUMPRB,
N_FIND23,N_FIND23,N_FIND,
N_NOV06,N_NOV06,N_NOV,
N_ACID22,N_ACID22,N_ACIDE,
N_POVEN1,N_POVEN1,N_POVEN,
N_ETHOLD,N_ETHOLD,N_ETHOLD,
N_DRAG05,N_DRAG05,N_DRAGON,
N_ACI16P,N_ACI16P,N_ACIDP,
N_FIND22,N_FIND22,N_FIND,
N_FLX01,N_FLX01,N_FSMM,
N_ASYHLD,N_ASYHLD,N_ASYHLD,
N_WAXMT4,N_WAXMT4,N_WAXMNT,
N_N2BX06,N_N2BX06,N_N2BOX,
N_FIND21,N_FIND21,N_FIND,
N_EVAP18,N_EVAP18,N_EVAP,
N_DUMINS,N_DUMINS,N_DUMINS,
N_SORT06,N_SORT06,N_WFRTR,
N_TEL1C1,N_TEL01,N_COAT,COAT
N_TEL1P2,N_TEL01,N_COAT,POLY
N_TEL1D1,N_TEL01,N_COAT,DEVLP
N_TEL1P1,N_TEL01,N_COAT,POLY
N_ACI13P,N_ACI13P,N_ACIDP,
N_EATS94,N_EATS94,N_SOURCE,
N_NOSEM,N_NOSEM,N_SEM,
N_TRAN22,N_TRAN22,N_XFER,
N_N2BX01,N_N2BX01,N_N2BOX,
N_SCOP31,N_SCOP31,N_SCOPE,
N_PRB54,N_PRB54,N_PROBE,
N_FIND13,N_FIND13,N_FIND,
N_ALIGN4,N_ALIGN4,N_ALIGN,
N_NMPBLK,N_NMPBLK,N_BULK,
TWACIDA1,TWACIDA1,TWACIDA1,
N_TEL7C1,N_TEL07,N_COAT,COAT
N_TEL7P1,N_TEL07,N_COAT,POLY
N_TEL7D1,N_TEL07,N_COAT,DEVLP
N_TEL7P2,N_TEL07,N_COAT,POLY
TWACIDB1,TWACIDB1,TWACIDB1,
N_PRB56,N_PRB56,N_PROBE,
N_FIND39,N_FIND39,N_FIND,
N_ACI15D,N_ACI15D,N_ACIDD,
N_CU4PT1,N_CU4PT1,N_4PTP,
N_SOLV7E,N_SOLV7E,N_SOLV4,
N_EXPN06,N_EXPN06,N_EXPAND,
N_CAN18,N_CAN18,N_CAN,
N_TRAN11,N_TRAN11,N_XFER,
N_SRD22,N_SRD22,N_CLEAN,
TWNOVA2,TWNOVA2,TWNOVA2,
N_PLSH91,N_PLSH9,N_PLSTH3,PLSTH3
N_PLSH93,N_PLSH9,N_PLSTH3,PLSTH3
N_PDC08,N_PDC08,N_INTST,
N_POLY08,N_POLY08,N_BMO2,
N_FIND02,N_FIND02,N_FIND,
N_FIT02,N_FIT02,N_FASTFE,
N_SIGM4,N_SIGM4,N_GAUGE,
N_POLY05,N_POLY05,N_BMO2,
N_SCOP26,N_SCOP26,N_SCOPE8,
N_MCBA01,N_MCBA01,N_SCOPE9,
N_FOI01,N_FOI01,N_FOI,
N_MEIS07,N_MEIS07,N_POLYCO,
N_SSEC08,N_SSEC08,N_LIFT,
N_SST02,N_SST02,N_FSI1,
N_SRD15B,N_SRD15B,N_SRD,
N_DEHOLD,N_DEHOLD,N_DEHOLD,
N_FIND07,N_FIND07,N_FIND,
N_SRD21B,N_SRD21B,N_SRD,
N_EATE03,N_EATE03,N_EXT,
N_ACID17,N_ACID17,N_ACIDFP,
N_DRAG07,N_DRAG07,N_DRAGON,
N_WASH04,N_WASH04,N_WASH,
N_STRAP2,N_STRAP2,N_PKGT,
N_FIND35,N_FIND35,N_FIND,
N_SVGB02,N_SVGB02,N_HOTPLT,
N_ZEIS03,N_ZEIS03,N_SCOPE4,
N_PLS113,N_PLS113,N_PLSTH2,
N_SCP38D,N_SCP38D,N_SCPE4T,
N_MEIS06,N_MEIS06,N_POLYCO,
N_TEL8D4,N_TEL08,N_DEVLP,DEVLP
N_TEL8D3,N_TEL08,N_DEVLP,DEVLP
N_TEL8D2,N_TEL08,N_DEVLP,DEVLP
N_TEL8D1,N_TEL08,N_DEVLP,DEVLP
N_PKGUND,N_PKGUND,N_PKGUND,
N_4PTP04,N_4PTP04,N_4PTP,
N_FIND24,N_FIND24,N_FIND,
N_TEHOLD,N_TEHOLD,N_TEHOLD,
N_MASK01,N_MASK01,N_MASK,
N_PLSH82,N_PLSH08,N_PLSTH3,PLSTH3
N_PLSH81,N_PLSH08,N_PLSTH3,PLSTH3
N_SRD15,N_SRD15,N_SRD,
N_SRMZ01,N_SRMZ01,N_FASTFE,
N_TRAN03,N_TRAN03,N_XFER,
N_PRB61,N_PRB61,N_PROBE,
N_UVEX02,N_UVEX02,N_UVEXP2,
N_SRD23B,N_SRD23B,N_SRD,
N_PLSH04,N_PLSH04,N_PLSTH2,
N_HEAT4,N_HEAT4,N_WTRHTR,
N_SCOP32,N_SCOP32,N_SCOPE,
N_PART03,N_PART03,N_HAMINS,
N_FIND05,N_FIND05,N_FIND,
N_MIC01,N_MIC01,N_MIC1,
N_PLSH71,N_PLSH71,N_PLSTH2,
N_SSEC06,N_SSEC06,N_LIFT,
N_TRAN23,N_TRAN23,N_XFER,
N_SPUT9D,N_SPUT09,N_SPUT1,NIV
N_SPUT9B,N_SPUT09,N_SPUT1,AU
N_SVGC05,N_SVGC05,N_SVGC,
N_PRB44,N_PRB44,N_PROBE,
N_N2BX12,N_N2BX12,N_N2BOX,
N_TRAN21,N_TRAN21,N_XFER,
N_KLA02,N_KLA02,N_RETICL,
N_TEPD1,N_TEP01,N_IPC,IPC
N_SEAL01,N_SEAL01,N_PKGT,
N_DUMMYD,N_DUMMYD,N_DUMMYD,
N_PLS141,N_PLS141,N_PLSTH2,
N_EAT02,N_EAT02,N_IMPLNT,
N_SCOP04,N_SCOP04,N_SCOPE1,
N_OVEN07,N_OVEN07,N_OVEN,
N_FIND17,N_FIND17,N_FIND,
N_SCOP02,N_SCOP02,N_SCOPE,
N_CND01,N_CND01,N_IRVOP,
N_SVGD02,N_SVGD02,N_SVGD,
N_FNX02,N_FNX02,N_FASTFE,
N_RED02,N_RED02,N_DRAGON,
N_PLSH07,N_PLSH07,N_PLSTH2,
N_DEVBLK,N_DEVBLK,N_BULK,
N_4PTPD2,N_4PTPD2,N_4PTPD,
N_N2BX05,N_N2BX05,N_N2BOX,
N_LASER3,N_LASER3,N_LASER,
N_NORELD,N_NORELD,N_DUMMYR,
N_PLSH11,N_PLSH11,N_PLSTH2,
N_NO4PTP,N_NO4PTP,N_4PTP,
N_AUP3C2,N_AUPL03,AUPLATER,WET
N_AUP3C5,N_AUPL03,AUPLATER,SRD
N_AUP3C4,N_AUPL03,AUPLATER,AUPL
N_AUP3C6,N_AUPL03,AUPLATER,AUPL
N_AUP3C1,N_AUPL03,AUPLATER,AUPL
N_AUP3C3,N_AUPL03,AUPLATER,AUPL
N_RECLAI,N_RECLAI,N_RECLAI,
N_MACRO1,N_MACRO1,N_MACETC,
N_ACID16,N_ACID16,N_ACIDD,
N_FIND16,N_FIND16,N_FIND,
N_VIS02,N_VIS02,N_VIS2,
N_RF03,N_RF03,N_RFMAP,
N_FIND09,N_FIND09,N_FIND,
N_SWP03,N_SWP03,N_WFRTR1,
N_FIND10,N_FIND10,N_FIND,
N_SST03,N_SST03,N_FSI1,
N_PART01,N_PART01,N_HAMINS,
N_NOEAG,N_NOEAG,N_EAGLE,
N_REC02,N_REC02,N_RECOFF,
N_BRK01,N_BRK01,N_BREAK,
N_ZEB_04,N_ZEB_04,N_PRINT,
N_TL12C4,N_TEL12,N_COAT,COAT
N_TL12C2,N_TEL12,N_COAT,COAT
N_TL12C3,N_TEL12,N_COAT,COAT
N_TL12C1,N_TEL12,N_COAT,COAT
N_DSAS07,N_DSAS07,N_MATAS,
N_WAXMT3,N_WAXMT3,N_WAXMNT,
N_CHUCK3,N_CHUCK3,N_VACCH,
N_DAME1,N_DAME1,N_AME,
N_PDC05,N_PDC05,N_INTST,
N_POLY04,N_POLY04,N_BMO2,
N_REEL10,N_REEL10,N_PKGT,
N_SCOP08,N_SCOP08,N_SCOPE4,
N_EVAP13,N_EVAP13,N_EVAP,
N_SOLV7D,N_SOLV7D,N_SOLV1,
N_HOTPL8,N_HOTPL8,N_HOTPLT,
N_GRND04,N_GRND04,N_GRIND,
N_WPUL01,N_WPUL01,N_PULL,
N_ACI15P,N_ACI15P,N_ACIDP,
N_NOV01,N_NOV01,N_NOV,
N_PRB49,N_PRB49,N_PROBE,
N_EVAP11,N_EVAP11,N_EVAP,
N_RED01,N_RED01,N_DRAGON,
N_N2BX08,N_N2BX08,N_N2BOX,
N_SOLV07,N_SOLV07,N_SOLV,
N_TENCM1,N_TENCM1,N_TENCOM,
N_FIND36,N_FIND36,N_FIND,
N_OVEN05,N_OVEN05,N_BMO,
N_TRAN14,N_TRAN14,N_XFER,
N_FOI02,N_FOI02,N_FOI,
N_PRB51,N_PRB51,N_PROBE,
N_FEVII,N_FEVII,N_NAN02,
N_NOTNCO,N_NOTNCO,N_TENCO,
N_AUG05,N_AUG05,N_AOI,
N_SRD22B,N_SRD22B,N_CLEAN,
N_DMS03,N_DMS03,N_RETSTO,
N_ZEB_06,N_ZEB_06,N_PRINT,
N_SEM06,N_SEM06,N_SEM,
N_ACI13D,N_ACI13D,N_ACIDD,
N_NIKO16,N_NIKO16,N_IRVOP,
N_TEPD3,N_TEP03,N_IPC,IPC
N_SRD16B,N_SRD16B,N_SRD,
N_EVAP17,N_EVAP17,N_EVAP,
N_SSEC09,N_SSEC09,N_LIFT,
N_TAPE02,N_TAPE02,N_TAPE,
N_HEAT3,N_HEAT3,N_WTRHTR,
N_DRAG04,N_DRAG04,N_DRAGON,
N_SRD12,N_SRD12,N_SRD,
N_PLS144,N_PLS144,N_PLSTH2,
N_FIND29,N_FIND29,N_FIND,
N_FIND20,N_FIND20,N_FIND,
N_ACI13M,N_ACI13M,N_ACIDM,
N_CAN11,N_CAN11,N_CAN,
N_FIND33,N_FIND33,N_FIND,
N_SRD23,N_SRD23,N_SRD,
N_WAXMT6,N_WAXMT6,N_WAXMNT,
N_PRB46,N_PRB46,N_PROBE,
N_SCP37D,N_SCP37D,N_SCPE4T,
N_MEIS08,N_MEIS08,N_POLYCO,
N_PRB60,N_PRB60,N_PROBE,
N_FLMNT1,N_FLMNT1,N_EXT,
N_PRB58,N_PRB58,N_PROBE,
N_PLSH53,N_PLSH5,N_SNETCH,SNETCH
N_PLSH51,N_PLSH5,N_SNETCH,SNETCH
N_4PTP05,N_4PTP05,N_4PTP,
N_AUG06,N_AUG06,N_AOI,
N_PDC06,N_PDC06,N_INTST,
N_PRB42,N_PRB42,N_PROBE,
N_REC01,N_REC01,N_RECEIV,
N_ZEB_02,N_ZEB_02,N_PRINT,
N_CHUCK2,N_CHUCK2,N_VACCK2,
TWNOVB2,TWNOVB2,TWNOVB2,
N_SCAL01,N_SCAL01,AUPLATER,
N_POLV01,N_POLV01,N_POLVAR,
N_HOTPL7,N_HOTPL7,N_HOTPLT,
N_SCOP05,N_SCOP05,N_SCOPE1,
N_CAN13,N_CAN13,N_CAN,
N_CBCLN1,N_CBCLN1,N_SOLVV,
N_SIGM3,N_SIGM3,N_GAUGE,
N_FIND40,N_FIND40,N_FIND,
N_ACID10,N_ACID10,N_ACIDE,
N_TRAN20,N_TRAN20,N_XFER,
N_TRAN24,N_TRAN24,N_XFER,
N_BMODUM,N_BMODUM,N_BMO,
N_TEL3P2,N_TEL03,N_COAT,POLY
N_TEL3C1,N_TEL03,N_COAT,COAT
N_TEL3D1,N_TEL03,N_COAT,DEVLP
N_TEL3P1,N_TEL03,N_COAT,PBO
N_SRD13,N_SRD13,N_SRD,
N_PLSH21,N_PLSH21,N_PLSTH2,
N_PRB48,N_PRB48,N_PROBE,
N_NOASH,N_NOASH,N_IPC,
N_MEIS04,N_MEIS04,N_POLYCO,
N_TEPD2,N_TEP02,N_IPC,IPC
N_LEHI03,N_LEHI03,N_4PTP,
N_N2BX07,N_N2BX07,N_N2BOX,
N_PLS123,N_PLSH12,N_SNETCH,SNETCH
N_PLS121,N_PLSH12,N_SNETCH,SNETCH
N_SPUT7C,N_SPUT7C,N_SPUT,
N_SVGD04,N_SVGD04,N_SVGD,
N_PRB53,N_PRB53,N_PROBE,
N_HOTPL6,N_HOTPL6,N_HOTPLT,
N_SEAL03,N_SEAL03,N_PKGT,
N_PRMX02,N_PRMX02,N_NAN02,
N_ZS03D,N_ZS03D,N_SCPTHN,
N_TENCM2,N_TENCM2,N_TENCOM,
N_SCOP15,N_SCOP15,N_SCOPE8,
N_SPECT1,N_SPECT1,N_SPECT,
N_ACID21,N_ACID21,N_ACIDE,
N_RED06,N_RED06,N_DRAGON,
N_PLSH13,N_PLSH13,N_PVETCH,
N_FNX01,N_FNX01,N_FASTFE,
N_CAN15,N_CAN15,N_CAN,
N_GMNI01,N_GMNI01,N_WFRTR1,
N_TRAN07,N_TRAN07,N_XFER,
N_PLSH32,N_PLSH03,N_PLSTH3,PLSTH3
N_PLSH31,N_PLSH03,N_PLSTH3,PLSTH3
N_ZEIS08,N_ZEIS08,N_IRVOP,
N_POVEN2,N_POVEN2,N_POVEN,
N_SPTS41,N_SPTS04,N_PVETCH,PVETCH
N_SPTS45,N_SPTS04,N_PVETCH,PVETCH
N_SPTS42,N_SPTS04,N_PVETCH,PVETCH
N_SPTS46,N_SPTS04,N_PVETCH,PVETCH
N_IVS04,N_IVS04,N_IVS,
N_TRAN16,N_TRAN16,N_XFER,
N_PRBPTI,N_PRBPTI,N_PRBPTI,
N_SCP10D,N_SCP10D,N_SCPE4T,
N_SRD12B,N_SRD12B,N_SRD,
N_TEM8C,N_TEM8C,N_CHILL,
N_ACID13,N_ACID13,N_ACIDP,
N_INK01,N_INK01,N_INK,
N_TEL9D4,N_TEL09,N_DEVLP,DEVLP
N_TEL9D2,N_TEL09,N_DEVLP,DEVLP
N_TEL9D3,N_TEL09,N_DEVLP,DEVLP
N_TEL9D1,N_TEL09,N_DEVLP,DEVLP
N_TWINSP,N_TWINSP,N_TWINSP,
N_POLY07,N_POLY07,N_BMO2,
N_SCAL02,N_SCAL02,N_SCAL,
N_N2BX09,N_N2BX09,N_N2BOX,
N_TL10C2,N_TEL10,N_COAT,COAT
N_TL10C3,N_TEL10,N_COAT,COAT
N_TL10C1,N_TEL10,N_COAT,COAT
N_TL10C4,N_TEL10,N_COAT,COAT
N_INKOUT,N_INKOUT,N_INKOUT,
N_FIND12,N_FIND12,N_FIND,
N_SVGC06,N_SVGC06,N_SVGC,
N_ESR,N_ESR,N_ESR,
N_SCRMT5,N_SCRMT5,N_SCRMNT,
N_EATE01,N_EATE01,N_EXT,
N_SRD14B,N_SRD14B,N_SRD,
N_DSAS03,N_DSAS03,N_MATAS,
N_RDB02,N_RDB02,N_DRAGON,
N_TMPHUM,N_TMPHUM,N_TMPHUM,
N_NOV01P,N_NOV01P,N_MECPMP,
N_TL11D3,N_TEL11,N_DEVLP,DEVLP
N_TL11D1,N_TEL11,N_DEVLP,DEVLP
N_TL11D4,N_TEL11,N_DEVLP,DEVLP
N_TL11D2,N_TEL11,N_DEVLP,DEVLP
N_SRD20,N_SRD20,N_SRD,
N_PDC04,N_PDC04,N_INTST,
N_PART04,N_PART04,N_HAMINS,
N_PL101P,N_PL101P,N_MECPMP,
TWACIDB2,TWACIDB2,TWACIDB2,
N_SCP09D,N_SCP09D,N_SCPE4T,
N_LTST03,N_LTST03,N_SAPST,
N_RED04,N_RED04,N_DRAGON,
N_NOIVS,N_NOIVS,N_IVS,
N_NOSORT,N_NOSORT,N_WFRTR,
N_SVGD03,N_SVGD03,N_SVGD,
N_FIND25,N_FIND25,N_FIND,
N_SSEC14,N_SSEC14,N_LIFT,
N_SWP02,N_SWP02,N_WFRTR1,
N_TRMX22,N_TRMX22,N_MATAS,
N_SRD17B,N_SRD17B,N_SRD,
N_MEIS03,N_MEIS03,N_POLYCO,
N_SMEX1,N_SMEX1,N_SMEX,
N_TPHOLD,N_TPHOLD,N_TPHOLD,
N_SORT05,N_SORT05,N_WFRTR,
N_SOLV02,N_SOLV02,N_SOLVV,
N_SEM08,N_SEM08,N_SEM,
N_SPTS03,N_SPTS03,N_PVETCH,
N_SPTS04,N_SPTS04,N_PVETCH,
N_SPTS02,N_SPTS02,N_SNETCH,
N_PLSH5,N_PLSH5,N_SNETCH,
N_PLSH12,N_PLSH12,N_SNETCH,
N_TEP01,N_TEP01,N_IPC,
N_TEP03,N_TEP03,N_IPC,
N_TEP02,N_TEP02,N_IPC,
N_DNS03,N_DNS03,N_DEVLP,
N_TEL13,N_TEL13,N_DEVLP,
N_TEL08,N_TEL08,N_DEVLP,
N_TEL09,N_TEL09,N_DEVLP,
N_TEL11,N_TEL11,N_DEVLP,
N_AUPL02,N_AUPL02,AUPLATER,
N_AUPL03,N_AUPL03,AUPLATER,
N_SPUT09,N_SPUT09,N_SPUT1,
N_CUPL04,N_CUPL04,N_PLATER,
N_CUPL05,N_CUPL05,N_PLATER,
N_PLSH10,N_PLSH10,N_PLSTH3,
N_PLSH06,N_PLSH06,N_PLSTH3,
N_PLSH9,N_PLSH9,N_PLSTH3,
N_PLSH08,N_PLSH08,N_PLSTH3,
N_PLSH03,N_PLSH03,N_PLSTH3,
N_ACID09,N_ACID09,N_ACIDE,
N_ACID20,N_ACID20,N_ACIDE,
N_PDC02,N_PDC02,N_INTST,
N_PDC07,N_PDC07,N_INTST,
N_DNS07,N_DNS07,N_COAT,
N_TEL02,N_TEL02,N_COAT,
N_TEL01,N_TEL01,N_COAT,
N_TEL07,N_TEL07,N_COAT,
N_TEL12,N_TEL12,N_COAT,
N_TEL03,N_TEL03,N_COAT,
N_TEL10,N_TEL10,N_COAT,
N_SPUT08,N_SPUT08,N_SPUT,
N_ACID19,N_ACID19,N_ACIDFP,
