tool,eqp_type
N_ACI13D,N_ACIDD
N_ACI13M,N_ACIDM
N_ACI13P,N_ACIDP
N_ACI15D,N_ACIDD
N_ACI15M,N_ACIDM
N_ACI15P,N_ACIDP
N_ACI16M,N_ACIDM
N_ACI16P,N_ACIDP
N_ACID09,N_ACIDE
N_ACID10,N_ACIDE
N_ACID13,N_ACIDP
N_ACID15,N_ACIDM
N_ACID16,N_ACIDD
N_ACID18,N_ACIDE
N_ACID20,N_ACIDE
N_ACID21,N_ACIDE
N_ACID22,N_ACIDE
N_DSAS01,N_MATAS
N_DSAS02,N_MATAS
N_DSAS03,N_MATAS
N_DSAS04,N_MATAS
N_DSAS05,N_MATAS
N_DSAS06,N_MATAS
N_DSAS07,N_MATAS
N_DSAS09,N_MATAS
N_DSAS10,N_MATAS
N_DSAS11,N_MATAS
N_DSAS12,N_MATAS
N_DSAS13,N_MATAS
N_DSAS14,N_MATAS
N_DUMYM,N_DUMMYM
N_NOADH,N_ACIDM
N_NODSAS,N_MATAS
N_NOETCH,N_MATAS
N_TRMX11,N_MATAS
N_TRMX12,N_MATAS
N_TRMX21,N_MATAS
N_TRMX22,N_MATAS
N_NOV01,N_NOV
N_NOV02,N_NOV
N_NOV03,N_NOV
N_NOV04,N_NOV
N_NOV05,N_NOV
N_NOV06,N_NOV
N_NOVWOB,N_NOV
N_MGIP01,N_WFRTR
N_NOSORT,N_WFRTR
N_PLSH03,N_PLSTH3
N_PLSH06,N_PLSTH3
N_PLSH08,N_PLSTH3
N_PLSH10,N_PLSTH3
N_PLSH12,N_SNETCH
N_PLSH13,N_PVETCH
N_PLSH5,N_SNETCH
N_PLSH9,N_PLSTH3
N_SORT02,N_WFRTR
N_SORT03,N_WFRTR
N_SORT05,N_WFRTR
N_SORT06,N_WFRTR
N_SPTS02,N_SNETCH
N_SPTS03,N_PVETCH
N_SPTS04,N_PVETCH
N_ACID17,N_ACIDFP
N_ACID19,N_ACIDFP
N_ASYHLD,N_ASYHLD
N_CBCLN1,N_SOLVV
N_CBCLN2,N_SOLVV
N_CND03,N_SCOPE
N_DES01T,N_BMO5
N_DESO01,N_BMO5
N_DESO02,N_BMO5
N_DTHIN,N_DTHIN
N_DUMASY,N_DUMMYA
N_DUMMY1,N_DUMMY
N_DUMMYS,N_DUMMYS
N_FORCE1,N_GAUGE
N_GRND04,N_GRIND
N_GRND05,N_GRIND
N_HOTP10,N_HOTPLT
N_HOTPL5,N_HOTPLT
N_HOTPL6,N_HOTPLT
N_HOTPL7,N_HOTPLT
N_HOTPL8,N_HOTPLT
N_HOTPL9,N_HOTPLT
N_MTHOLD,N_MTHOLD
N_PKGDUM,N_PKG
N_POVEN1,N_POVEN
N_POVEN2,N_POVEN
N_POVEN4,N_POVEN
N_SCOP02,N_SCOPE
N_SCOP06,N_SCOPE
N_SCOP08,N_SCOPE4
N_SCOP09,N_SCOPE4
N_SCOP10,N_SCOPE4
N_SCOP18,N_SCOPE
N_SCOP24,N_SCOPE
N_SCOP25,N_SCOPE
N_SCOP31,N_SCOPE
N_SCOP32,N_SCOPE
N_SCOP33,N_SCOPE4
N_SCOP35,N_SCOPE
N_SCOP36,N_SCOPE
N_SCOP37,N_SCOPE4
N_SCRMT5,N_SCRMNT
N_SCRMT6,N_SCRMNT
N_SEAL04,N_PKG
N_SIGM3,N_GAUGE
N_SIGM4,N_GAUGE
N_SOLV02,N_SOLVV
N_SRD22,N_CLEAN
N_SRD22B,N_CLEAN
N_SRDC02,N_CLEAN
N_SVGB01,N_HOTPLT
N_SVGB02,N_HOTPLT
N_WAXMT3,N_WAXMNT
N_WAXMT4,N_WAXMNT
N_WAXMT5,N_WAXMNT
N_WAXMT6,N_WAXMNT
N_WAXMT7,N_WAXMNT
N_ZEIS03,N_SCOPE4
N_ZS03D,N_SCPTHN
N_EAT02,N_IMPLNT
N_EAT03,N_IMPLNT
N_EATE01,N_EXT
N_EATE03,N_EXT
N_FLMNT1,N_EXT
N_IMHOLD,N_IMHOLD
N_NOTAPE,N_TAPE
N_RTP04,N_RTP
N_RTP05,N_RTP
N_SSEC04,N_LIFT
N_SSEC05,N_LIFT
N_SSEC06,N_LIFT
N_SSEC07,N_LIFT
N_SSEC08,N_LIFT
N_SSEC09,N_LIFT
N_SSEC10,N_LIFT
N_SSEC11,N_LIFT
N_SSEC12,N_LIFT
N_SSEC13,N_LIFT
N_SSEC14,N_LIFT
N_TAPE01,N_TAPE
N_TAPE02,N_TAPE
N_TAPE03,N_TAPE
N_EVAP07,N_EVAP
N_EVAP08,N_EVAP
N_EVAP09,N_EVAP
N_EVAP10,N_EVAP
N_EVAP11,N_EVAP
N_EVAP12,N_EVAP
N_EVAP13,N_EVAP
N_EVAP14,N_EVAP
N_EVAP15,N_EVAP
N_EVAP16,N_EVAP
N_EVAP17,N_EVAP
N_EVAP18,N_EVAP
N_EVAP19,N_EVAP
N_EVAP20,N_EVAP
N_SPUT08,N_SPUT
N_SPUT7C,N_SPUT
N_TEM08,N_EVAP
N_4PTP04,N_4PTP
N_4PTP05,N_4PTP
N_AUG03,N_AOI
N_AUG05,N_AOI
N_AUG06,N_AOI
N_AUG07,N_AOI
N_CND01,N_IRVOP
N_CND02,N_IRVOP
N_CU4PT1,N_4PTP
N_DUMMYD,N_DUMMYD
N_FEVII,N_NAN02
N_FEVII2,N_NAN02
N_IVS04,N_IVS
N_IVS05,N_IVS
N_LEHI03,N_4PTP
N_MACRO2,N_MACMTL
N_NIKO09,N_IRVOP
N_NIKO11,N_IRVOP
N_NIKO16,N_IRVOP
N_NO4PTP,N_4PTP
N_NOIVS,N_IVS
N_NOSEM,N_SEM
N_NOTNCO,N_TENCO
N_PART01,N_HAMINS
N_PART03,N_HAMINS
N_PART04,N_HAMINS
N_PART1M,N_HAMINS
N_PRMX01,N_NAN02
N_PRMX02,N_NAN02
N_SEM06,N_SEM
N_SEM07,N_SEM
N_SEM08,N_SEM
N_TNCO02,N_TENCO
N_TNCO03,N_TENCO
N_ZEIS02,N_IRVOP
N_ZEIS06,N_IRVOP
N_ZEIS08,N_IRVOP
N_4PTPD2,N_4PTPD
N_ACID14,N_ACIDA
N_AWSC,N_FFNDY
N_BMC01,N_BMC
N_BMO02,N_BMO3
N_BMODUM,N_BMO
N_BO01,N_BO
N_CHUCK1,N_VACCHK
N_CHUCK2,N_VACCK2
N_CHUCK3,N_VACCH
N_DAME1,N_AME
N_DEHOLD,N_DEHOLD
N_DEL,N_RECOFF
N_DEVBLK,N_BULK
N_DMS03,N_RETSTO
N_DPK241,N_PK24PT
N_DRAG02,N_DRAGON
N_DRAG04,N_DRAGON
N_DRAG05,N_DRAGON
N_DRAG07,N_DRAGON
N_DRAG08,N_DRAGON
N_DRAG12,N_DRAGON
N_DUM99,N_FLDEXP
N_DUMINS,N_DUMINS
N_EATS94,N_SOURCE
N_EATS95,N_SOURCE
N_EATS96,N_SOURCE
N_EATS97,N_SOURCE
N_EATS98,N_SOURCE
N_EATS99,N_SOURCE
N_EC11BL,N_BULK
N_ENGFIN,N_ENGFIN
N_ESR,N_ESR
N_ETHOLD,N_ETHOLD
N_EXPN04,N_EXPAND
N_EXPN06,N_EXPAND
N_FIB01,N_FIB
N_FIB02,N_FIB
N_FIND01,N_FIND
N_FIND02,N_FIND
N_FIND03,N_FIND
N_FIND04,N_FIND
N_FIND05,N_FIND
N_FIND06,N_FIND
N_FIND07,N_FIND
N_FIND08,N_FIND
N_FIND09,N_FIND
N_FIND10,N_FIND
N_FIND11,N_FIND
N_FIND12,N_FIND
N_FIND13,N_FIND
N_FIND14,N_FIND
N_FIND15,N_FIND
N_FIND16,N_FIND
N_FIND17,N_FIND
N_FIND18,N_FIND
N_FIND19,N_FIND
N_FIND20,N_FIND
N_FIND21,N_FIND
N_FIND22,N_FIND
N_FIND23,N_FIND
N_FIND24,N_FIND
N_FIND25,N_FIND
N_FIND26,N_FIND
N_FIND27,N_FIND
N_FIND28,N_FIND
N_FIND29,N_FIND
N_FIND30,N_FIND
N_FIND31,N_FIND
N_FIND32,N_FIND
N_FIND33,N_FIND
N_FIND34,N_FIND
N_FIND35,N_FIND
N_FIND36,N_FIND
N_FIND37,N_FIND
N_FIND38,N_FIND
N_FIND39,N_FIND
N_FIND40,N_FIND
N_FIT01,N_FASTFE
N_FIT02,N_FASTFE
N_FIT03,N_FASTFE
N_FIT04,N_FASTFE
N_FIT05,N_FASTFE
N_FIT06,N_FASTFE
N_FIT07,N_FASTFE
N_FLX01,N_FSMM
N_FNX01,N_FASTFE
N_FNX02,N_FASTFE
N_FOI01,N_FOI
N_FOI02,N_FOI
N_GMNI01,N_WFRTR1
N_GMNI02,N_WFRTR1
N_GOLF15,N_GOLF
N_HASPBO,N_HASPBO
N_HEAT1,N_WTRHTR
N_HEAT3,N_WTRHTR
N_HEAT4,N_WTRHTR
N_HEAT7,N_WTRHTR
N_INK01,N_INK
N_KLA02,N_RETICL
N_LD02,N_LD
N_LD03,N_LD
N_LTST01,N_LOTST
N_LTST02,N_LOTST
N_MAC01,N_XFER
N_MANUAL,N_PCKPLA
N_MASK01,N_MASK
N_MEIS01,N_POLYCO
N_MEIS02,N_POLYCO
N_MEIS03,N_POLYCO
N_MEIS04,N_POLYCO
N_MEIS05,N_POLYCO
N_MEIS06,N_POLYCO
N_MEIS07,N_POLYCO
N_MEIS08,N_POLYCO
N_MGI01,N_WFRTR1
N_MIC01,N_MIC1
N_MM01,N_MM1
N_N2BX01,N_N2BOX
N_N2BX02,N_N2BOX
N_N2BX03,N_N2BOX
N_N2BX04,N_N2BOX
N_N2BX05,N_N2BOX
N_N2BX06,N_N2BOX
N_N2BX07,N_N2BOX
N_N2BX08,N_N2BOX
N_N2BX09,N_N2BOX
N_N2BX10,N_N2BOX
N_N2BX11,N_N2BOX
N_N2BX12,N_N2BOX
N_NANO01,N_NANO
N_NMPBLK,N_BULK
N_NOEAG,N_EAGLE
N_NORELD,N_DUMMYR
N_NOV01P,N_MECPMP
N_NOV02P,N_MECPMP
N_NOV03P,N_MECPMP
N_OFF01,N_OFF
N_OFFWF,N_AWS
N_OVEN02,N_OVEN
N_OVEN05,N_BMO
N_OVEN06,N_OVEN
N_OVEN07,N_OVEN
N_PHHOLD,N_PHHOLD
N_PKGUND,N_PKGUND
N_PL101P,N_MECPMP
N_POLV01,N_POLVAR
N_PRHOLD,N_PRHOLD
N_PRMXM1,N_PRMXM
N_RDB01,N_DRAGON
N_RDB02,N_DRAGON
N_RDB34,N_DRAGON
N_REC01,N_RECEIV
N_REC02,N_RECOFF
N_RECLAI,N_RECLAI
N_RED01,N_DRAGON
N_RED02,N_DRAGON
N_RED03,N_DRAGON
N_RED04,N_DRAGON
N_RED06,N_DRAGON
N_RED08,N_DRAGON
N_REEL10,N_PKGT
N_REEL14,N_PKGT
N_RELOAD,N_DUMMYR
N_SCAL02,N_SCAL
N_SCAL07,N_SCAL
N_SCAL14,N_SCAL
N_SCAL19,N_SCAL
N_SCOP04,N_SCOPE1
N_SCOP05,N_SCOPE1
N_SCOP11,N_SCOPE5
N_SCOP12,N_SCOPE1
N_SCOP15,N_SCOPE8
N_SCOP16,N_SCOPE8
N_SCOP26,N_SCOPE8
N_SCOP27,N_SCOPE8
N_SCOP28,N_SCOPE8
N_SCP08D,N_SCPE4T
N_SCP09D,N_SCPE4T
N_SCP10D,N_SCPE4T
N_SCP33D,N_SCPE4T
N_SCP37D,N_SCPE4T
N_SCP38D,N_SCPE4T
N_SEAL01,N_PKGT
N_SEAL03,N_PKGT
N_SEMDUM,N_SEM1
N_SHIP01,N_SHIP
N_SMEX1,N_SMEX
N_SOLV7D,N_SOLV1
N_SOLV7E,N_SOLV4
N_SPECT1,N_SPECT
N_SRD11,N_SRD
N_SRD11B,N_SRD
N_SRD12,N_SRD
N_SRD12B,N_SRD
N_SRD13,N_SRD
N_SRD13B,N_SRD
N_SRD14,N_SRD
N_SRD14B,N_SRD
N_SRD15,N_SRD
N_SRD15B,N_SRD
N_SRD16,N_SRD
N_SRD16B,N_SRD
N_SRD17,N_SRD
N_SRD17B,N_SRD
N_SRD18,N_SRD
N_SRD18B,N_SRD
N_SRD19,N_SRD
N_SRD19B,N_SRD
N_SRD20,N_SRD
N_SRD20B,N_SRD
N_SRD21B,N_SRD
N_SRD23,N_SRD
N_SRD23B,N_SRD
N_SRD25,N_SRD
N_SRD25B,N_SRD
N_SRMZ01,N_FASTFE
N_SRMZ02,N_FASTFE
N_STRAP2,N_PKGT
N_SWP01,N_WFRTR1
N_SWP02,N_WFRTR1
N_SWP03,N_WFRTR1
N_TEHOLD,N_TEHOLD
N_TEM8C,N_CHILL
N_TENCD1,N_TENCOD
N_TENCD2,N_TENCOD
N_TENCM1,N_TENCOM
N_TENCM2,N_TENCOM
N_THNHLD,N_THNHLD
N_TMPHUM,N_TMPHUM
N_TPHOLD,N_TPHOLD
N_TRAN01,N_XFER
N_TRAN02,N_XFER
N_TRAN03,N_XFER
N_TRAN04,N_XFER
N_TRAN05,N_XFER
N_TRAN06,N_XFER
N_TRAN07,N_XFER
N_TRAN09,N_XFER
N_TRAN10,N_XFER
N_TRAN11,N_XFER
N_TRAN13,N_XFER
N_TRAN14,N_XFER
N_TRAN15,N_XFER
N_TRAN16,N_XFER
N_TRAN17,N_XFER
N_TRAN18,N_XFER
N_TRAN19,N_XFER
N_TRAN20,N_XFER
N_TRAN21,N_XFER
N_TRAN22,N_XFER
N_TRAN23,N_XFER
N_TRAN24,N_XFER
N_TRAN25,N_XFER
N_TRAN26,N_XFER
N_TRAN27,N_XFER
N_TRAN28,N_XFER
N_TRAN29,N_XFER
N_TRAN30,N_XFER
N_TRAN31,N_XFER
N_TRAN32,N_XFER
N_TRAN33,N_XFER
N_TRAN38,N_XFER
N_TWINSP,N_TWINSP
N_UVEX02,N_UVEXP2
N_UVEX04,N_UVEXP2
N_VIS01,N_VIS1
N_VIS02,N_VIS2
N_WASH04,N_WASH
N_WFPR01,N_XFER
N_WPUL01,N_PULL
N_ZEB_01,N_PRINT
N_ZEB_02,N_PRINT
N_ZEB_04,N_PRINT
N_ZEB_06,N_PRINT
N_ZEB_07,N_PRINT
N_ZS05D,N_SCPE4T
TWACIDA1,TWACIDA1
TWACIDA2,TWACIDA2
TWACIDB1,TWACIDB1
TWACIDB2,TWACIDB2
TWNOVA1,TWNOVA1
TWNOVA2,TWNOVA2
TWNOVB1,TWNOVB1
TWNOVB2,TWNOVB2
N_BRK01,N_BREAK
N_DUMMYI,N_DUMMYI
N_ITHOLD,N_ITHOLD
N_MACRO1,N_MACETC
N_SCRB01,N_SCRB1
N_WFCLN4,N_WFCLN
N_CAN09,N_CAN
N_CAN11,N_CAN
N_CAN12,N_CAN
N_CAN13,N_CAN
N_CAN14,N_CAN
N_CAN15,N_CAN
N_CAN16,N_CAN
N_CAN17,N_CAN
N_CAN18,N_CAN
N_DNS03,N_DEVLP
N_DNS07,N_COAT
N_DUMMYP,N_DUMMYP
N_POLY04,N_BMO2
N_POLY05,N_BMO2
N_POLY06,N_BMO2
N_POLY07,N_BMO2
N_POLY08,N_BMO2
N_TEL01,N_COAT
N_TEL02,N_COAT
N_TEL03,N_COAT
N_TEL07,N_COAT
N_TEL08,N_DEVLP
N_TEL09,N_DEVLP
N_TEL10,N_COAT
N_TEL11,N_DEVLP
N_TEL12,N_COAT
N_TEL13,N_DEVLP
N_DUMPRB,N_DUMPRB
N_EDC01,N_INTST
N_INKOUT,N_INKOUT
N_PDC02,N_INTST
N_PDC03,N_INTST
N_PDC04,N_INTST
N_PDC05,N_INTST
N_PDC06,N_INTST
N_PDC07,N_INTST
N_PDC08,N_INTST
N_PRB41,N_PROBE
N_PRB42,N_PROBE
N_PRB43,N_PROBE
N_PRB44,N_PROBE
N_PRB45,N_PROBE
N_PRB46,N_PROBE
N_PRB47,N_PROBE
N_PRB48,N_PROBE
N_PRB49,N_PROBE
N_PRB50,N_PROBE
N_PRB51,N_PROBE
N_PRB52,N_PROBE
N_PRB53,N_PROBE
N_PRB54,N_PROBE
N_PRB55,N_PROBE
N_PRB56,N_PROBE
N_PRB57,N_PROBE
N_PRB58,N_PROBE
N_PRB59,N_PROBE
N_PRB60,N_PROBE
N_PRB61,N_PROBE
N_PRBPTI,N_PRBPTI
N_RF01,N_RFMAP
N_RF03,N_RFMAP
N_TLM01,N_TLM
N_LASER3,N_LASER
N_LTST03,N_SAPST
N_TOFAB,N_TOFAB
N_ALIGN4,N_ALIGN
N_ALIGN5,N_ALIGN
N_AUPL02,AUPLATER
N_AUPL03,AUPLATER
N_CUPL04,N_PLATER
N_CUPL05,N_PLATER
N_MCBA01,N_SCOPE9
N_NIKO12,N_SCOPE3
N_NOASH,N_IPC
N_PLS111,N_PLSTH2
N_PLS113,N_PLSTH2
N_PLS141,N_PLSTH2
N_PLS144,N_PLSTH2
N_PLSH02,N_PLSTH2
N_PLSH04,N_PLSTH2
N_PLSH07,N_PLSTH2
N_PLSH11,N_PLSTH2
N_PLSH21,N_PLSTH2
N_PLSH23,N_PLSTH2
N_PLSH41,N_PLSTH2
N_PLSH43,N_PLSTH2
N_PLSH71,N_PLSTH2
N_PLSH73,N_PLSTH2
N_SCAL01,AUPLATER
N_SOLV07,N_SOLV
N_SPUT07,N_SPUT1
N_SPUT09,N_SPUT1
N_SST02,N_FSI1
N_SST03,N_FSI1
N_SVGC04,N_SVGC
N_SVGC05,N_SVGC
N_SVGC06,N_SVGC
N_SVGC07,N_SVGC
N_SVGD01,N_SVGD
N_SVGD02,N_SVGD
N_SVGD03,N_SVGD
N_SVGD04,N_SVGD
N_TEP01,N_IPC
N_TEP02,N_IPC
N_TEP03,N_IPC
