eqp_type,recipe,mpu
N_CAN,2S149,1.2534
N_CAN,4S099,1.2534
N_CAN,4S341,0.6925
N_ACIDE,2T393,0.4205
N_ACIDE,9S475,0.4205
N_LIFT,4S108,1.2008
N_LIFT,2S536,1.2008
N_LIFT,2T354,1.2008
N_LIFT,4S573,1.2008
N_LIFT,9S451,1.2008
N_LIFT,U0208,1.2008
N_IRVOP,2S006,0.4604
N_IRVOP,2S546,0.4604
N_IRVOP,2T127,0.4604
N_IRVOP,2T378,0.4604
N_IRVOP,4S503,0.4604
N_IRVOP,9S382,0.4604
N_IRVOP,NA,0.4604
N_IRVOP,U0209,0.4604
N_LIFT,2S540,0.9321
N_LIFT,2T358,0.9321
N_LIFT,4S577,0.9321
N_LIFT,9S455,0.9321
N_LIFT,U0207,0.9321
N_MATAS,U0133,1.4955
N_ACIDD,2T128,0.495
N_ACIDE,2T128,0.6523
N_ACIDM,2T128,0.6523
N_ACIDP,2T128,0.6523
N_ACIDD,9S110,0.495
N_ACIDE,9S110,0.6523
N_ACIDM,9S110,0.6523
N_ACIDP,9S110,0.6523
N_ACIDD,U0132,0.495
N_ACIDP,U0132,0.6523
N_IVS,2S153,0.1165
N_IVS,2T119,0.1165
N_IVS,4S103,0.1165
N_IVS,9S102,0.1165
N_IVS,U0199,0.1165
N_IVS,4S342,0.1216
N_ACIDD,2S147,0.4025
N_ACIDP,2S147,0.4025
N_ACIDD,2T114,0.4025
N_ACIDP,2T114,0.4025
N_ACIDD,4S097,0.6942
N_ACIDP,4S097,0.6942
N_ACIDD,9S097,0.4549
N_ACIDP,9S097,0.4549
N_ACIDD,U0197,0.4025
N_ACIDP,U0197,0.4025
N_MATAS,2S467,1.0
N_MATAS,4S455,1.0
N_ACIDD,U0129,0.4518
N_ACIDM,U0129,0.2948
N_ACIDP,U0129,0.2948
N_MATAS,2T124,1.5148
N_MATAS,9S107,1.5148
N_MATAS,U0202,1.5148
N_COAT,2S406,0.3734
N_COAT,2T115,0.3734
N_COAT,4S366,0.3709
N_COAT,9S098,0.3709
N_COAT,U0141,0.3734
N_AOI,2S584,2.3646
N_MATAS,2S156,1.8684
N_MATAS,4S106,1.8684
N_TAPE,2S538,0.9495
N_IVS,8S025,0.3107
N_SEM,8S025,0.3107
N_IVS,9S025,0.3107
N_SEM,9S025,0.3107
N_IVS,U0105,0.3107
N_SEM,U0105,0.3107
N_ACIDE,1S931,0.956
N_ACIDM,1S931,0.956
N_ACIDE,4S441,0.956
N_ACIDE,5S358,0.5209
N_ACIDE,7S249,0.601
N_ACIDE,8S277,0.956
N_ACIDM,8S277,0.956
N_ACIDE,9S309,0.7942
N_ACIDM,9S309,0.7942
N_TENCO,4S335,0.0683
N_TENCO,5S027,0.0683
N_TENCO,7S013,0.0683
N_TENCO,8S024,0.0683
N_TENCO,9S024,0.0683
N_TENCO,U0159,0.0683
N_COAT,1S070,0.4572
N_DEVLP,1S070,0.4572
N_DEVLP,4S032,0.5867
N_DEVLP,5S020,0.4409
N_COAT,7S006,0.4239
N_DEVLP,7S006,0.4239
N_COAT,8S017,0.5867
N_DEVLP,8S017,0.5867
N_COAT,9S017,0.4074
N_DEVLP,9S017,0.4074
N_DEVLP,U0147,0.5867
N_IRVOP,1S956,0.0769
N_IRVOP,4S462,0.0769
N_IRVOP,5S389,0.0769
N_IRVOP,7S279,0.0769
N_IRVOP,8S292,0.0769
N_IRVOP,9S392,0.0769
N_IRVOP,U0158,0.0769
N_CAN,1S069,0.6925
N_CAN,2T005,0.6805
N_CAN,4S031,0.6925
N_CAN,5S019,1.56
N_CAN,7S005,2.8948
N_CAN,8S016,3.0664
N_CAN,9S016,2.9556
N_CAN,U0146,0.6925
N_ACIDP,U0144,0.4039
N_ACIDP,U0394,0.4039
N_IVS,1S072,0.1731
N_IVS,4S034,0.1731
N_IVS,5S022,0.1217
N_IVS,8S019,0.0925
N_IVS,9S019,0.1731
N_ACIDD,1S067,0.2026
N_ACIDP,1S067,0.2026
N_ACIDP,4S029,0.2026
N_ACIDP,5S017,0.1173
N_ACIDP,7S003,0.2026
N_ACIDD,8S014,0.6545
N_ACIDP,8S014,0.6545
N_ACIDD,9S014,0.3071
N_ACIDP,9S014,0.3071
N_COAT,1S068,0.3706
N_COAT,4S030,0.3742
N_COAT,5S018,0.355
N_COAT,9S015,0.3375
N_COAT,U0145,0.3822
N_LIFT,1S327,2.3
N_MATAS,1S327,2.3
N_MATAS,2S459,2.3
N_MATAS,5S501,2.4334
N_LIFT,7S367,2.3
N_MATAS,7S367,2.3
N_LIFT,8S279,2.4334
N_MATAS,8S279,2.4334
N_LIFT,9S311,2.4334
N_MATAS,9S311,2.4334
N_IRVOP,1S957,0.4604
N_IRVOP,4S463,0.4604
N_IRVOP,5S390,0.4604
N_IRVOP,7S280,0.4604
N_IRVOP,8S293,0.4604
N_IRVOP,9S393,0.4604
N_AOI,2S583,2.0893
N_COAT,7S004,0.354
N_COAT,8S015,0.354
N_DUMMYD,2S533,0.0792
N_DUMMYI,2S534,0.0559
N_DUMMYM,3N195,0.2592
N_DUMMYM,3N203,0.2592
N_DUMMYM,3N211,0.2592
N_DUMMYM,3N219,0.2592
N_DUMMYM,3N227,0.2592
N_DUMMYM,3N392,0.2592
N_DUMMYM,3N265,0.2592
N_DUMMYM,3N274,0.2592
N_DUMMYM,3N283,0.2592
N_DUMMYM,3N292,0.2592
N_DUMMYM,3N049,0.2592
N_HAMINS,NA,23.3104
N_DUMMYM,3N301,0.2592
N_DUMMYM,3N310,0.2592
N_DUMMYM,3N319,0.2592
N_DUMMYM,3N328,0.2592
N_DUMMYM,3N337,0.2592
N_DUMMYM,3N346,0.2592
N_DUMMYM,3N355,0.2592
N_DUMMYM,3N364,0.2592
N_DUMMYM,3N373,0.2592
N_DUMMYM,3N382,0.2592
N_DUMMYM,3N058,0.2592
N_DUMMYM,3N066,0.457
N_DUMMYM,3N074,0.2592
N_DUMMYM,3N082,0.2592
N_MACMTL,NA,0.0273
N_DUMMYM,3N090,0.2592
N_DUMMYM,3N098,0.2592
N_DUMMYM,3N179,0.2592
N_DUMMYM,3N187,0.2592
N_DUMMYM,3N171,0.2592
N_SEM,2T399,0.3463
N_SEM,8S225,0.3463
N_SEM,T1298,0.3463
N_SEM,U0380,0.3463
N_IRVOP,2T400,0.4604
N_IRVOP,8S226,0.4604
N_IRVOP,T1299,0.4604
N_IRVOP,U0381,0.4604
N_MATAS,2T406,2.2708
N_MATAS,8S230,2.2708
N_MATAS,T1305,2.2708
N_MATAS,U0387,2.2708
N_DUMMYI,1S228,0.0559
N_DUMMYI,2S255,0.0559
N_DUMMYI,2T262,0.0559
N_DUMMYI,4S234,0.0559
N_DUMMYI,5S209,0.0559
N_DUMMYI,7S177,0.0559
N_DUMMYI,8S191,0.0559
N_DUMMYI,9S238,0.0559
N_DUMMYI,T1251,0.0559
N_DUMMYI,T1308,0.0559
N_DUMMYI,U0371,0.0559
N_DUMMYI,U0390,0.0559
N_INTST,1S227,12.639
N_INTST,2S254,12.639
N_INTST,2T261,14.1818
N_INTST,4S233,12.639
N_INTST,5S208,10.9873
N_INTST,7S176,10.9985
N_INTST,8S190,11.8061
N_INTST,9S237,13.5572
N_INTST,T1250,12.639
N_INTST,T1307,12.639
N_INTST,U0370,12.639
N_INTST,U0389,12.2203
N_SOLVV,1S947,3.1536
N_SOLVV,1S964,3.1536
N_COAT,2T398,1.8489
N_DEVLP,2T398,1.8489
N_COAT,8S224,1.8489
N_DEVLP,8S224,1.8489
N_COAT,T1297,1.8489
N_DEVLP,T1297,1.8489
N_COAT,U0379,1.8489
N_DEVLP,U0379,1.8489
N_INTST,1S567,2.5146
N_DUMMY,1S542,0.3355
N_PROBE,1S551,9.1169
N_PROBE,NA,9.1169
N_ACIDE,2T405,0.4796
N_ACIDM,2T405,0.4796
N_ACIDE,8S229,0.4796
N_ACIDM,8S229,0.4796
N_ACIDE,T1304,0.4796
N_ACIDM,T1304,0.4796
N_ACIDE,U0386,0.4796
N_ACIDM,U0386,0.4796
N_IPC,1S506,0.5159
N_PKG,1S544,0.0659
N_SCOPE4,1S545,0.1667
N_SCPTHN,1S808,0.4507
N_GAUGE,1S963,1.9499
N_PKG,1S543,0.0659
N_PKG,1S547,0.0659
N_SCPTHN,1S807,0.6111
N_PKG,1S546,0.0659
N_COAT,2T396,2.4883
N_COAT,8S222,2.4883
N_COAT,T1295,2.4883
N_COAT,U0377,2.4883
N_LIFT,2T403,1.95
N_LIFT,8S359,1.95
N_LIFT,T1302,1.95
N_LIFT,U0384,1.95
N_IRVOP,2T404,0.4604
N_IRVOP,8S342,0.4604
N_IRVOP,T1303,0.4604
N_IRVOP,U0385,0.4604
N_RFMAP,1S565,3.6224
N_RFMAP,T1252,3.6224
N_RFMAP,U0372,3.0931
N_PROBE,1S823,9.1169
N_PROBE,S1899,9.1169
N_SCRMNT,1S500,0.2105
N_IRVOP,2T402,0.4604
N_IRVOP,8S341,0.4604
N_IRVOP,T1301,0.4604
N_IRVOP,U0383,0.4604
N_PLSTH3,2T401,2.2184
N_PVETCH,2T401,2.2184
N_SNETCH,2T401,1.3436
N_PLSTH3,8S358,2.2184
N_PVETCH,8S358,2.2184
N_SNETCH,8S358,1.3436
N_PLSTH3,T1300,2.2184
N_PVETCH,T1300,2.2184
N_SNETCH,T1300,1.3436
N_PLSTH3,U0382,2.2184
N_PVETCH,U0382,2.2184
N_SNETCH,U0382,1.3436
N_CAN,2T397,1.8852
N_CAN,8S223,1.8852
N_CAN,T1296,1.8852
N_CAN,U0378,1.8852
N_IVS,2S152,0.1216
N_SEM,2S152,0.3463
N_IVS,2T118,0.1216
N_SEM,2T118,0.3463
N_IVS,4S102,0.1216
N_SEM,4S102,0.3463
N_IVS,9S101,0.1216
N_SEM,9S101,0.3463
N_IVS,U0200,0.1216
N_SEM,U0200,0.3463
N_IVS,4S343,0.1216
N_SEM,4S343,0.3463
N_IRVOP,2S154,0.4604
N_IRVOP,4S104,0.4604
N_IVS,2S159,0.0734
N_SEM,2S159,0.0734
N_IVS,2T129,0.0734
N_SEM,2T129,0.0734
N_IVS,4S109,0.0734
N_SEM,4S109,0.0734
N_IVS,9S112,0.0734
N_SEM,9S112,0.0734
N_IVS,U0212,0.0734
N_SEM,U0212,0.0734
N_SEM,4S344,0.3463
N_EVAP,2S049,4.3363
N_EVAP,2T314,4.3363
N_EVAP,4S552,4.2734
N_EVAP,9S429,4.3363
N_EVAP,U0203,4.3363
N_DUMMYM,2S526,0.2592
N_DUMMYM,2T325,0.2592
N_DUMMYM,4S561,0.2592
N_DUMMYM,9S443,0.2592
N_DUMMYM,U0205,0.2592
N_4PTP,2S005,0.0604
N_4PTP,2T304,0.0604
N_4PTP,4S502,0.0604
N_4PTP,9S416,0.0604
N_4PTP,U0204,0.0604
N_MATAS,2T121,1.1384
N_MATAS,9S104,1.1384
N_DEVLP,2S407,0.6653
N_DEVLP,2T117,0.6653
N_DEVLP,4S367,0.5939
N_DEVLP,9S100,0.6459
N_DEVLP,U0198,0.6653
N_ACIDM,2T243,0.5121
N_ACIDE,4S216,0.5924
N_ACIDM,4S216,0.536
N_ACIDE,5S191,0.5924
N_ACIDM,5S191,1.3609
N_ACIDE,7S162,0.5924
N_ACIDM,7S162,0.6684
N_ACIDE,8S175,0.5924
N_ACIDM,8S175,0.5161
N_ACIDE,9S223,0.536
N_ACIDM,9S223,0.536
N_ACIDE,T1225,0.5924
N_ACIDM,T1225,0.536
N_ACIDE,U0349,0.5924
N_ACIDM,U0349,0.536
N_TAPE,1S889,0.9385
N_TAPE,2T245,0.9867
N_TAPE,4S396,0.9385
N_TAPE,5S325,1.0442
N_TAPE,7S232,0.9325
N_TAPE,8S260,0.931
N_TAPE,9S288,1.272
N_TAPE,T1229,0.9385
N_TAPE,U0353,0.9385
N_ACIDE,U0219,0.4208
N_ACIDM,U0219,0.5115
N_IRVOP,2S502,0.0599
N_IRVOP,4S480,0.0599
N_IRVOP,5S404,0.0599
N_IRVOP,7S297,0.0599
N_IRVOP,8S311,0.0599
N_IRVOP,T1105,0.0599
N_IRVOP,U0220,0.0599
N_DUMMYD,2S563,0.0792
N_AOI,2S574,0.1826
N_SCOPE,2S574,0.1826
N_SCOPE,NA,0.1826
N_DTHIN,1S310,0.5941
N_CLEAN,1S312,1.4684
N_DUMPRB,1S275,0.2943
N_DUMMYM,7S247,0.2592
N_DUMMYM,8S275,0.2592
N_HAMINS,3N194,23.3104
N_HAMINS,3N202,23.3104
N_HAMINS,3N210,23.3104
N_HAMINS,3N218,23.3104
N_HAMINS,3N226,23.3104
N_SPUT,U0253,1.6136
N_COAT,3R010,0.3822
N_COAT,3R011,0.3822
N_COAT,3R012,0.3822
N_COAT,3R013,0.3822
N_COAT,3R014,0.3822
N_COAT,3R015,0.3822
N_COAT,3N262,0.3822
N_COAT,3R016,0.3822
N_COAT,3R017,0.3822
N_COAT,3R018,0.3822
N_COAT,3R019,0.3822
N_TAPE,3N076,0.9261
N_COAT,3R001,0.3822
N_COAT,3R020,0.3822
N_COAT,3R021,0.3822
N_COAT,3R022,0.3822
N_COAT,3R023,0.3822
N_COAT,3R024,0.3822
N_COAT,3N343,0.3822
N_COAT,3N838,0.3822
N_COAT,3N352,0.3822
N_IRVOP,T1191,0.1323
N_IRVOP,U0316,0.1323
N_IVS,1S214,0.1216
N_SEM,1S214,0.3463
N_IVS,2S241,0.1216
N_SEM,2S241,0.3463
N_IVS,2T219,0.1216
N_SEM,2T219,0.3463
N_IVS,4S192,0.1216
N_SEM,4S192,0.3463
N_IVS,5S167,0.1216
N_SEM,5S167,0.3463
N_IVS,7S140,0.1216
N_SEM,7S140,0.3463
N_IVS,8S153,0.1216
N_SEM,8S153,0.3463
N_IVS,9S201,0.1216
N_SEM,9S201,0.3463
N_IVS,T1202,0.1216
N_SEM,T1202,0.3463
N_IVS,U0120,0.1216
N_SEM,U0120,0.3463
N_EVAP,1S045,5.5938
N_PRBPTI,1S844,0.5094
N_4PTP,1D001,0.5135
AUPLATER,1S049,3.5663
N_IRVOP,1S033,0.4604
N_4PTP,1S333,0.2645
N_4PTP,1S334,0.2645
N_BMO5,1S888,5.6361
N_POVEN,1S888,7.8118
N_SPUT1,1S614,1.4898
N_PLATER,1S330,5.0487
N_PLATER,1S331,4.4218
N_PLATER,NA,5.0487
N_IRVOP,1S336,0.0793
N_IRVOP,1S337,0.0793
N_SPUT1,1S528,1.7
N_IPC,1S532,0.4287
N_SPUT1,1S973,1.4803
N_MACETC,1S984,0.052
N_ACIDE,1S915,0.3965
N_ACIDFP,1S915,0.3965
N_ACIDFP,1S613,0.7033
N_ACIDFP,1S951,0.7033
N_HAMINS,3N391,23.3104
N_HAMINS,3N264,23.3104
N_HAMINS,3N273,23.3104
N_HAMINS,3N282,23.3104
N_HAMINS,3N291,23.3104
N_HAMINS,3N048,23.3104
N_HAMINS,3N300,23.3104
N_HAMINS,3N309,23.3104
N_HAMINS,3N318,23.3104
N_HAMINS,3N327,23.3104
N_HAMINS,3N336,23.3104
N_HAMINS,3N345,23.3104
N_HAMINS,3N354,23.3104
N_HAMINS,3N363,23.3104
N_HAMINS,3N372,23.3104
N_HAMINS,3N381,23.3104
N_HAMINS,3N057,23.3104
N_HAMINS,3N065,0.354
N_HAMINS,3N073,23.3104
N_HAMINS,3N081,23.3104
N_LIFT,3N085,1.2008
N_DUMMYM,3N082,0.2592
N_HAMINS,3N089,23.3104
N_COAT,3N846,0.3822
N_COAT,3N361,0.3822
N_COAT,3N854,0.3822
N_COAT,3N370,0.3822
N_COAT,3N862,0.3822
N_COAT,3N379,0.3822
N_COAT,3N870,0.3822
N_COAT,3R002,0.3822
N_COAT,3R003,0.3822
N_COAT,3R004,0.3822
N_COAT,3N079,0.3822
N_COAT,3R005,0.3822
N_DUMMYM,NA,0.2592
N_COAT,3R006,0.3822
N_COAT,3R007,0.3822
N_COAT,3R008,0.3822
N_DUMMYM,NA,0.2592
N_COAT,3R009,0.3822
N_COAT,3N168,0.3706
N_COAT,3N751,0.3822
N_COAT,3N193,0.3822
N_DEVLP,3N193,0.5867
N_EVAP,2S035,5.8134
N_EVAP,2T320,4.8784
N_EVAP,4S536,5.5938
N_EVAP,5S455,5.6117
N_EVAP,7S339,4.7359
N_EVAP,8S355,5.6946
N_EVAP,9S432,5.5938
N_EVAP,T1194,5.5938
N_EVAP,U0319,5.5938
N_DUMMYM,1S999,0.2592
N_DUMMYM,2S529,0.2592
N_DUMMYM,2T328,0.2592
N_DUMMYM,4S564,0.2592
N_DUMMYM,5S479,0.2592
N_DUMMYM,7S361,0.2592
N_DUMMYM,8S376,0.2592
N_DUMMYM,9S446,0.2592
N_DUMMYM,T1196,0.2592
N_DUMMYM,U0321,0.2592
N_4PTP,1S023,0.2645
N_4PTP,2S017,0.2645
N_4PTP,2T310,0.2645
N_4PTP,4S514,0.2645
N_IPC,1S529,0.4287
N_IPC,1S787,0.4287
N_IPC,NA,0.4287
N_ACIDE,1S530,0.3847
N_ACIDFP,1S530,0.3847
N_IPC,1S811,0.4239
N_ACIDE,1S527,0.625
N_ACIDFP,1S527,0.4128
N_IRVOP,1S002,0.0642
N_SCOPE3,1S002,0.0642
N_IRVOP,1S004,0.0642
N_SCOPE3,1S004,0.0642
AUPLATER,1S013,3.5663
AUPLATER,1S294,3.5663
N_SEM,2T176,0.3463
N_SEM,4S409,0.3463
N_SEM,5S370,0.3463
N_SEM,7S260,0.3463
N_SEM,8S244,0.3463
N_SEM,9S316,0.3463
N_SEM,T1151,0.3463
N_SEM,U0281,0.3463
N_HAMINS,3N097,23.3104
N_TAPE,3N173,0.9261
N_HAMINS,3N178,23.3104
N_HAMINS,3N186,23.3104
N_HAMINS,3N170,23.3104
N_MACMTL,3N199,0.0273
N_MACMTL,3N207,0.0273
N_MACMTL,3N215,0.0273
N_MACMTL,3N223,0.0273
N_MACMTL,3N231,0.0273
N_MACMTL,3N260,0.0273
N_HAMINS,NA,23.3104
N_MACMTL,3N269,0.0273
N_MACMTL,3N278,0.0273
N_MACMTL,3N287,0.0273
N_MACMTL,3N296,0.0273
N_MACMTL,3N053,0.0273
N_MACMTL,3N305,0.0273
N_MACMTL,3N314,0.0273
N_MACMTL,3N323,0.0273
N_MACMTL,3N332,0.0273
N_DEVLP,3N707,0.5867
N_COAT,3N201,0.3822
N_DEVLP,3N201,0.5867
N_DEVLP,3N716,0.5867
N_COAT,3N209,0.3822
N_DEVLP,3N209,0.5867
N_DEVLP,3N725,0.5867
N_COAT,3N217,0.3822
N_DEVLP,3N217,0.5867
N_DEVLP,3N734,0.5867
N_COAT,3N225,0.3822
N_DEVLP,3N225,0.5867
N_DEVLP,3N743,0.5867
N_COAT,3N390,0.3822
N_DEVLP,3N390,0.5867
N_DEVLP,3N759,0.5867
N_COAT,3N263,0.3822
N_DEVLP,3N263,0.5867
N_DEVLP,3N767,0.5867
N_COAT,3N272,0.3822
N_DEVLP,3N272,0.5867
N_4PTP,5S434,0.2645
N_4PTP,7S319,0.2645
N_4PTP,8S334,0.2645
N_4PTP,9S419,0.2645
N_4PTP,T1195,0.2645
N_4PTP,U0320,0.2645
N_COAT,1S205,0.6724
N_DEVLP,1S205,0.6724
N_COAT,2S232,0.6458
N_DEVLP,2S232,0.6458
N_COAT,2T207,0.6624
N_DEVLP,2T207,0.6624
N_COAT,4S183,0.6724
N_DEVLP,4S183,0.6724
N_COAT,5S158,0.6293
N_DEVLP,5S158,0.6293
N_COAT,7S131,0.6293
N_DEVLP,7S131,0.6293
N_COAT,8S144,0.6646
N_DEVLP,8S144,0.6646
N_COAT,9S192,0.6624
N_DEVLP,9S192,0.6624
N_IRVOP,2T178,0.0817
N_IRVOP,4S411,0.0817
N_IRVOP,5S372,0.0817
N_IRVOP,7S262,0.0817
N_IRVOP,8S246,0.1094
N_IRVOP,9S318,0.0817
N_IRVOP,T1153,0.0817
N_IRVOP,U0282,0.0817
N_SEM,2T186,0.3463
N_SEM,4S417,0.3463
N_SEM,5S378,0.3463
N_SEM,7S268,0.3463
N_SEM,8S252,0.3463
N_SEM,9S324,0.3463
N_SEM,T1164,0.3463
N_SEM,U0293,0.3463
N_EVAP,2T316,3.7142
N_EVAP,4S546,4.0724
N_EVAP,5S469,4.0724
N_EVAP,7S352,3.6009
N_EVAP,8S360,3.7465
N_EVAP,9S436,3.655
N_MACMTL,3N341,0.0273
N_MACMTL,3N350,0.0273
N_MACMTL,3N359,0.0273
N_MACMTL,3N368,0.0273
N_MACMTL,3N377,0.0273
N_MACMTL,3N386,0.0273
N_MACMTL,3N062,0.0273
N_MACMTL,3N070,0.0273
N_MACMTL,3N078,0.0273
N_HAMINS,NA,0.0273
N_MACMTL,NA,0.0273
N_MACMTL,3N086,0.0273
N_MACMTL,3N094,0.0273
N_MACMTL,3N167,0.0273
N_MACMTL,3N183,0.0273
N_MACMTL,3N191,0.0273
N_LIFT,3N198,1.2008
N_LIFT,3N206,1.2008
N_LIFT,3N214,1.2008
N_LIFT,3N222,1.2008
N_LIFT,3N230,1.2008
N_TAPE,2T356,0.9495
N_TAPE,4S575,0.9495
N_TAPE,9S453,0.9495
N_TAPE,U0206,0.9495
N_CAN,2T116,1.0278
N_CAN,9S099,1.0459
N_CAN,U0142,1.0278
N_DUMMYA,1S962,0.1667
N_DUMMYA,2S543,0.1667
N_DUMMYI,1S340,0.0559
N_MTHOLD,1NH01,1.135
N_ASYHLD,1NH06,0.1667
N_DUMMYA,1S966,0.1667
N_PKG,1S564,0.0659
N_INKOUT,1S270,0.2806
N_DUMPRB,1913S,0.2943
N_TOFAB,3N624,0.4075
N_SAPST,1NN02,0.0549
N_SAPST,1S054,0.0577
N_SAPST,8S002,0.0577
N_SAPST,9S002,0.0577
N_SAPST,S9002,0.0577
N_LASER,3N756,0.3285
N_LASER,4S003,0.3285
N_COAT,T1188,0.6724
N_DEVLP,T1188,0.6724
N_COAT,U0314,0.6724
N_DEVLP,U0314,0.6724
N_CAN,1S203,2.4401
N_CAN,2S230,2.3117
N_CAN,2T206,1.2097
N_CAN,4S181,2.4401
N_CAN,5S156,1.9075
N_CAN,7S130,1.7142
N_CAN,8S143,2.6904
N_CAN,9S191,0.9298
N_CAN,T1187,2.4401
N_CAN,U0313,2.4401
N_IRVOP,2T217,0.4604
N_IRVOP,2T381,0.4604
N_IRVOP,9S379,0.4604
N_LIFT,1S298,1.2008
N_LIFT,2S046,1.2008
N_LIFT,2T216,1.2008
N_LIFT,4S549,1.2008
N_LIFT,5S464,1.2008
N_EVAP,T1156,4.0724
N_EVAP,T2316,4.0724
N_EVAP,U0285,4.0724
N_DUMMYM,2T327,0.2592
N_DUMMYM,4S566,0.2592
N_DUMMYM,5S481,0.2592
N_DUMMYM,7S363,0.2592
N_DUMMYM,8S378,0.2592
N_DUMMYM,9S448,0.2592
N_DUMMYM,T1158,0.2592
N_DUMMYM,U0287,0.2592
N_4PTP,2T306,0.0555
N_4PTP,4S523,0.0555
N_4PTP,5S443,0.0555
N_4PTP,7S328,0.0555
N_4PTP,8S343,0.0555
N_4PTP,9S423,0.0555
N_4PTP,T1157,0.0555
N_4PTP,T2306,0.0555
N_4PTP,U0286,0.0555
N_DEVLP,2T175,0.6116
N_DEVLP,4S408,0.5851
N_LIFT,3N259,1.2008
N_LIFT,3N268,1.2008
N_LIFT,3N277,1.2008
N_LIFT,3N286,1.2008
N_LIFT,3N295,1.2008
N_LIFT,3N052,1.2008
N_LIFT,3N304,1.2008
N_LIFT,3N313,1.2008
N_LIFT,3N322,1.2008
N_LIFT,3N331,1.2008
N_LIFT,3N340,1.2008
N_LIFT,3N349,1.2008
N_LIFT,3N358,1.2008
N_LIFT,3N367,1.2008
N_LIFT,3N376,1.2008
N_LIFT,3N385,1.2008
N_LIFT,3N061,1.2008
N_LIFT,3N069,1.2008
N_LIFT,3N077,1.2008
N_DUMMYM,NA,0.2592
N_LIFT,3N085,1.2008
N_LASER,5S003,0.2934
N_LASER,7S000,0.3663
N_LASER,8S000,0.3285
N_LASER,9S000,0.307
N_LASER,S9000,0.3285
N_DUMMYA,1T105,0.1667
N_ACIDD,7S379,0.5407
N_ACIDP,7S379,0.5407
N_IVS,1S165,0.1216
N_SEM,1S165,0.3463
N_SEM,2S192,0.3463
N_IVS,2T160,0.1216
N_SEM,2T160,0.3463
N_IVS,4S143,0.1216
N_SEM,4S143,0.3463
N_IVS,5S118,0.1216
N_SEM,5S118,0.3463
N_IVS,7S094,0.1216
N_SEM,7S094,0.3463
N_IVS,8S107,0.1216
N_SEM,8S107,0.3463
N_IVS,9S156,0.1216
N_SEM,9S156,0.3463
N_LIFT,7S348,1.2008
N_LIFT,8S365,1.2008
N_LIFT,9S360,1.2008
N_LIFT,T1199,1.2008
N_LIFT,U0324,1.2008
N_LIFT,1S297,1.2793
N_LIFT,2S045,1.2793
N_LIFT,2T215,2.0404
N_LIFT,4S548,1.2793
N_LIFT,5S463,0.963
N_LIFT,7S347,1.3607
N_LIFT,8S364,1.2221
N_LIFT,9S359,1.0173
N_LIFT,T1198,1.2793
N_LIFT,U0323,1.2793
N_IRVOP,1S025,0.4604
N_IRVOP,2S019,0.4604
N_IRVOP,4S516,0.4604
N_IRVOP,5S436,0.4604
N_IRVOP,5S492,0.4604
N_IRVOP,7S321,0.4604
N_DEVLP,5S369,0.5851
N_DEVLP,7S259,0.5277
N_DEVLP,8S243,0.5774
N_DEVLP,9S315,0.5618
N_DEVLP,T1150,0.5851
N_DEVLP,U0279,0.5851
N_CAN,2T174,1.1251
N_CAN,4S407,0.9158
N_CAN,5S368,0.9158
N_CAN,7S258,1.0625
N_CAN,8S242,0.9158
N_CAN,9S314,0.9158
N_CAN,T1149,0.9158
N_CAN,U0278,0.8019
N_LIFT,2T318,1.4872
N_LIFT,4S556,1.2967
N_LIFT,5S472,1.2967
N_LIFT,7S355,1.3615
N_LIFT,8S370,1.2044
N_LIFT,9S439,2.0236
N_LIFT,T1161,1.2967
N_LIFT,U0290,1.2967
N_LIFT,2T317,1.2008
N_COAT,3N087,0.3822
N_LIFT,3N093,1.2008
N_LIFT,3N166,1.2008
N_LIFT,3N182,1.2008
N_LIFT,3N190,1.2008
N_LIFT,1S231,2.0614
N_LIFT,1S804,1.7032
N_LIFT,2T263,1.7032
N_LIFT,2T268,1.7032
N_LIFT,2T289,1.7032
N_MATAS,2T290,1.7032
N_LIFT,7S183,1.7032
N_LIFT,7S192,1.7032
N_LIFT,7S225,1.7032
N_LIFT,7S272,3.4106
N_LIFT,8S219,1.7032
N_LIFT,9S247,1.6848
N_LIFT,9S264,1.7032
N_LIFT,S9206,1.7032
N_LIFT,S9214,1.7032
N_LIFT,S9230,1.7032
N_LIFT,S9302,2.1901
N_LIFT,T1255,1.9667
N_LIFT,T1263,1.7164
N_IVS,T1130,0.1216
N_SEM,T1130,0.3463
N_IVS,U0116,0.1216
N_SEM,U0116,0.3463
N_IRVOP,1S167,0.1117
N_IRVOP,2S194,0.1117
N_IRVOP,2T162,0.1117
N_IRVOP,4S145,0.1117
N_IRVOP,5S120,0.1117
N_IRVOP,7S096,0.1117
N_IRVOP,8S109,0.1143
N_IRVOP,9S158,0.1117
N_IRVOP,NA,0.1117
N_IRVOP,T1132,0.1117
N_IRVOP,U0263,0.1117
N_IVS,1S173,0.1216
N_SEM,1S173,0.3463
N_SEM,2S200,0.3463
N_IVS,2T171,0.1216
N_SEM,2T171,0.3463
N_IVS,4S151,0.1216
N_SEM,4S151,0.3463
N_IVS,5S126,0.1216
N_IRVOP,8S336,0.4604
N_IRVOP,T1200,0.4604
N_IRVOP,U0325,0.4604
N_MATAS,1S209,1.5422
N_MATAS,1S902,1.5422
N_MATAS,2S236,1.7675
N_MATAS,2S442,1.4109
N_MATAS,2T211,1.4094
N_MATAS,4S187,1.5422
N_MATAS,4S424,1.5422
N_MATAS,5S162,1.3967
N_MATAS,5S338,1.4292
N_MATAS,7S135,2.1583
N_MATAS,7S240,1.6535
N_MATAS,8S148,1.5187
N_MATAS,8S268,1.5171
N_MATAS,9S196,1.4334
N_MATAS,9S296,1.4907
N_MATAS,T1192,1.5422
N_MATAS,T1201,1.5422
N_MATAS,U0317,1.5422
N_MATAS,U0326,1.4801
N_IVS,1S207,0.1228
N_LIFT,4S555,1.2008
N_LIFT,5S471,1.2008
N_LIFT,7S354,1.2008
N_LIFT,8S369,1.2008
N_LIFT,9S438,1.2008
N_LIFT,T1160,1.2008
N_LIFT,U0289,1.2008
N_IRVOP,2T308,0.4604
N_IRVOP,2T383,0.4604
N_IRVOP,4S525,0.4604
N_IRVOP,5S445,0.4604
N_IRVOP,7S330,0.4604
N_IRVOP,8S345,0.4604
N_IRVOP,9S425,0.4604
N_IRVOP,T1162,0.4604
N_IRVOP,T1314,0.4604
N_IRVOP,U0291,0.4604
N_MATAS,2T179,1.3875
N_MATAS,2T185,1.5984
N_MATAS,4S412,1.514
N_LIFT,T1265,2.543
N_LIFT,T1267,1.7032
N_LIFT,T1282,1.7032
N_IRVOP,1S339,0.4604
N_IRVOP,2S565,0.4604
N_IRVOP,2S566,0.4604
N_DUMMYM,1S285,0.2592
N_SEM,1S154,0.1241
N_SEM,2S181,0.1241
N_IVS,2T147,0.1241
N_SEM,2T147,0.1241
N_IVS,4S131,0.1241
N_SEM,4S131,0.1241
N_IVS,5S106,0.1241
N_SEM,5S106,0.1241
N_IVS,7S073,0.1241
N_SEM,7S073,0.1241
N_IVS,8S085,0.1241
N_SEM,8S085,0.1241
N_IVS,9S145,0.1241
N_SEM,9S145,0.1241
N_IVS,T1115,0.1241
N_SEM,T1115,0.1241
N_IVS,U0114,0.1241
N_SEM,5S126,0.3463
N_IVS,7S102,0.1216
N_SEM,7S102,0.3463
N_IVS,8S115,0.1216
N_SEM,8S115,0.3463
N_IVS,9S164,0.1216
N_SEM,9S164,0.3463
N_IVS,T1144,0.1216
N_SEM,T1144,0.3463
N_IVS,U0117,0.1216
N_SEM,U0117,0.3463
N_EVAP,1S042,4.7512
N_EVAP,2S032,4.7512
N_EVAP,2T315,4.7512
N_EVAP,4S533,4.7512
N_EVAP,5S452,4.3175
N_EVAP,9S431,4.5717
N_EVAP,T1136,4.7512
N_EVAP,U0266,4.7512
N_DUMMYM,1S998,0.2592
N_DUMMYM,2T326,0.2592
N_DUMMYM,4S563,0.2592
N_DUMMYM,5S476,0.2592
N_IVS,2S234,0.2309
N_IVS,2T209,0.1228
N_IVS,4S185,0.1228
N_IVS,5S160,0.1109
N_IVS,7S133,0.1159
N_IVS,8S146,0.1379
N_IVS,9S194,0.0909
N_IVS,T1190,0.1228
N_IVS,U0315,0.1228
N_COAT,1S202,0.3643
N_COAT,2S229,0.3229
N_COAT,2T205,0.3616
N_COAT,4S180,0.3643
N_COAT,5S155,0.3394
N_COAT,7S129,0.3395
N_COAT,8S142,0.3807
N_COAT,9S190,0.3736
N_COAT,T1186,0.3643
N_COAT,U0312,0.3643
N_AOI,2S586,3.2679
N_ACIDE,1S210,0.4799
N_ACIDM,1S210,0.6002
N_ACIDE,2S237,0.4799
N_ACIDM,2S237,0.66
N_MATAS,5S373,1.514
N_MATAS,7S263,1.3975
N_MATAS,7S277,1.5834
N_MATAS,8S247,1.4886
N_MATAS,8S290,1.4595
N_MATAS,9S319,1.4367
N_MATAS,9S391,1.7071
N_MATAS,T1154,1.514
N_MATAS,T1163,1.514
N_MATAS,U0283,1.514
N_MATAS,U0292,1.4914
N_IVS,2T177,0.0892
N_IVS,4S410,0.1131
N_IVS,5S371,0.1131
N_IVS,7S261,0.161
N_IVS,8S245,0.1075
N_IVS,9S317,0.1131
N_IVS,T1152,0.1131
N_IVS,U0280,0.1131
N_LIFT,2S596,1.9834
N_LIFT,2T429,2.3523
N_LIFT,5S504,2.1
N_LIFT,T1348,1.9795
N_SEM,U0114,0.1241
N_IRVOP,1S156,0.1216
N_IRVOP,2S183,0.1216
N_IRVOP,2T149,0.1216
N_IRVOP,4S133,0.1216
N_IRVOP,5S108,0.1216
N_IRVOP,7S075,0.1216
N_IRVOP,8S087,0.1012
N_IRVOP,9S147,0.1216
N_IRVOP,T1117,0.1216
N_IRVOP,U0248,0.1216
N_SEM,1S160,0.3463
N_SEM,2S187,0.3463
N_IVS,2T156,0.1216
N_SEM,2T156,0.3463
N_IVS,4S138,0.1216
N_SEM,4S138,0.3463
N_IVS,5S113,0.1216
N_SEM,5S113,0.3463
N_IVS,7S080,0.1216
N_SEM,7S080,0.3463
N_IVS,8S092,0.1216
N_SEM,8S092,0.3463
N_DUMMYM,9S445,0.2592
N_DUMMYM,T1138,0.2592
N_DUMMYM,U0268,0.2592
N_4PTP,1S018,0.0589
N_4PTP,2S012,0.0589
N_4PTP,2T305,0.0589
N_4PTP,4S509,0.0589
N_4PTP,5S421,0.0589
N_4PTP,9S418,0.0589
N_4PTP,T1137,0.0589
N_4PTP,U0267,0.0589
N_COAT,1S794,0.5814
N_DEVLP,1S794,0.5814
N_DEVLP,2S373,0.5774
N_DEVLP,2T159,0.5814
N_COAT,4S318,0.5814
N_DEVLP,4S318,0.5814
N_COAT,5S270,0.5774
N_DEVLP,5S270,0.5774
N_COAT,7S093,0.5774
N_DEVLP,7S093,0.5774
N_COAT,8S106,0.5861
N_DEVLP,8S106,0.5861
N_DEVLP,9S155,0.595
N_ACIDE,2T212,0.4799
N_ACIDM,2T212,0.5998
N_ACIDE,4S188,0.4799
N_ACIDM,4S188,0.6002
N_ACIDE,5S163,0.4799
N_ACIDM,5S163,0.6584
N_ACIDE,7S136,0.4799
N_ACIDM,7S136,0.5023
N_ACIDE,8S149,0.4799
N_ACIDM,8S149,0.6386
N_ACIDE,9S197,0.4799
N_ACIDM,9S197,0.6002
N_ACIDE,T1193,0.4799
N_ACIDM,T1193,0.6002
N_ACIDE,U0318,0.4799
N_ACIDM,U0318,0.6002
N_TAPE,1S899,0.9404
N_TAPE,2S439,1.0942
N_TAPE,2T214,0.9111
N_TAPE,4S421,0.9404
N_TAPE,5S335,1.0475
N_TAPE,7S231,1.1337
N_TAPE,8S259,1.0393
N_TAPE,9S287,1.1114
N_LIFT,U0398,1.9795
N_ACIDD,2T180,0.3044
N_ACIDM,2T180,0.3044
N_ACIDP,2T180,0.3044
N_ACIDD,4S413,0.3374
N_ACIDM,4S413,0.3374
N_ACIDP,4S413,0.3374
N_ACIDD,5S374,0.3374
N_ACIDM,5S374,0.3374
N_ACIDP,5S374,0.3374
N_ACIDD,7S264,0.3374
N_ACIDM,7S264,0.3374
N_ACIDP,7S264,0.3374
N_ACIDD,8S248,0.3625
N_ACIDM,8S248,0.3625
N_ACIDP,8S248,0.3625
N_ACIDD,9S320,0.3374
N_ACIDM,9S320,0.3374
N_ACIDP,9S320,0.3374
N_ACIDD,T1155,0.3374
N_ACIDM,T1155,0.3374
N_IVS,9S152,0.1216
N_SEM,9S152,0.3463
N_IVS,T1126,0.1216
N_SEM,T1126,0.3463
N_IVS,U0115,0.1216
N_SEM,U0115,0.3463
N_SNETCH,1S969,2.6167
N_SNETCH,2S494,2.6834
N_PLSTH3,2T150,2.6167
N_PVETCH,2T150,2.8934
N_SNETCH,2T150,2.6167
N_PLSTH3,4S471,2.6167
N_SNETCH,4S471,2.6167
N_PLSTH3,5S396,2.6167
N_SNETCH,5S396,2.6167
N_PLSTH3,7S285,2.5167
N_SNETCH,7S285,2.5167
N_PLSTH3,8S299,2.5834
N_SNETCH,8S299,2.5834
N_PLSTH3,9S349,2.8934
N_PVETCH,9S349,2.8934
N_SNETCH,9S349,2.6167
N_COAT,T1129,0.5814
N_DEVLP,T1129,0.5814
N_COAT,U0261,0.5814
N_DEVLP,U0261,0.5814
N_CAN,1S162,0.9769
N_CAN,2S189,0.9769
N_CAN,2T158,0.9769
N_CAN,4S140,0.9769
N_CAN,5S115,1.1241
N_CAN,7S092,1.101
N_CAN,8S105,1.0215
N_CAN,9S154,1.0867
N_CAN,T1128,0.9769
N_CAN,U0260,0.9769
N_IRVOP,2T169,0.4604
N_IRVOP,2T380,0.4604
N_IRVOP,9S374,0.4604
N_LIFT,1S300,1.2008
N_LIFT,2T168,1.2008
N_LIFT,4S551,1.2008
N_LIFT,5S466,1.2008
N_LIFT,7S346,1.2008
N_TAPE,T1197,0.9404
N_TAPE,U0322,0.9404
N_ACIDD,1S697,0.5151
N_ACIDP,1S697,0.5274
N_ACIDD,2T235,0.5622
N_ACIDP,2T235,0.3951
N_ACIDD,4S206,0.5151
N_ACIDP,4S206,0.5274
N_ACIDD,5S181,0.4134
N_ACIDP,5S181,0.7559
N_ACIDD,7S154,0.4935
N_ACIDP,7S154,0.3092
N_ACIDD,8S167,0.4152
N_ACIDP,8S167,0.3386
N_ACIDD,9S215,0.5151
N_ACIDP,9S215,0.7939
N_ACIDD,T1217,0.5151
N_ACIDP,T1217,0.5274
N_ACIDD,U0341,0.5151
N_ACIDP,U0341,0.5274
N_IVS,1S740,0.1216
N_SEM,1S740,0.3463
N_IVS,2T239,0.1216
N_SEM,2T239,0.3463
N_ACIDP,T1155,0.3374
N_ACIDD,U0284,0.3374
N_ACIDM,U0284,0.3374
N_ACIDP,U0284,0.3374
N_COAT,2T173,0.3726
N_COAT,4S406,0.3608
N_COAT,5S367,0.3608
N_COAT,7S257,0.3544
N_COAT,8S241,0.3544
N_COAT,9S313,0.356
N_COAT,NA,0.3608
N_COAT,T1148,0.3608
N_COAT,U0277,0.3608
N_AOI,2S588,2.0243
N_TAPE,2T182,0.2913
N_TAPE,4S457,0.2913
N_TAPE,5S384,0.2913
N_TAPE,7S274,0.3667
N_TAPE,8S287,0.4032
N_TAPE,9S388,0.2913
N_TAPE,T1159,0.2913
N_TAPE,U0288,0.2913
N_AOI,2S594,2.7673
N_PLSTH3,T1119,2.6167
N_SNETCH,T1119,2.6167
N_PLSTH3,U0250,2.6167
N_SNETCH,U0250,2.6167
N_IRVOP,1S980,0.0641
N_IRVOP,2S504,0.0641
N_IRVOP,4S482,0.0641
N_IRVOP,5S406,0.0641
N_IRVOP,7S295,0.0641
N_IRVOP,8S309,0.0641
N_IRVOP,T1120,0.0641
N_IRVOP,U0251,0.0641
N_DEVLP,1S831,0.6631
N_DEVLP,2S399,0.6624
N_DEVLP,2T146,0.6631
N_DEVLP,4S358,0.6458
N_DEVLP,5S299,0.6458
N_DEVLP,7S072,0.6664
N_DEVLP,8S084,0.6685
N_DEVLP,9S144,0.4758
N_DEVLP,T1114,0.6631
N_DEVLP,U0246,0.6631
N_CAN,1S151,0.9723
N_CAN,2S178,0.9723
N_LIFT,8S363,1.2008
N_LIFT,9S358,1.2008
N_LIFT,T1141,1.2008
N_LIFT,U0271,1.2008
N_LIFT,1S299,0.9984
N_LIFT,2S047,0.9984
N_LIFT,2T167,0.9984
N_LIFT,4S550,0.9984
N_LIFT,5S465,1.9942
N_LIFT,7S345,2.0009
N_LIFT,8S362,1.6707
N_LIFT,9S357,1.3498
N_LIFT,T1140,0.9984
N_LIFT,U0270,0.9984
N_IRVOP,1S020,0.4604
N_IRVOP,1S316,0.4604
N_IRVOP,2S014,0.4604
N_IRVOP,4S511,0.4604
N_IRVOP,5S423,0.4604
N_IRVOP,7S316,0.4604
N_IRVOP,8S331,0.4604
N_IVS,4S212,0.1216
N_SEM,4S212,0.3463
N_IVS,5S187,0.1216
N_SEM,5S187,0.3463
N_IVS,7S158,0.1216
N_SEM,7S158,0.3463
N_IVS,8S171,0.1216
N_SEM,8S171,0.3463
N_IVS,9S219,0.1216
N_SEM,9S219,0.3463
N_IVS,T1221,0.1216
N_SEM,T1221,0.3463
N_IVS,U0346,0.1216
N_SEM,U0346,0.3463
N_IRVOP,1S705,0.1276
N_IRVOP,2T241,0.1276
N_IRVOP,4S214,0.1276
N_IRVOP,5S189,0.1126
N_IRVOP,7S160,0.1276
N_IRVOP,8S173,0.0966
N_IRVOP,9S221,0.1276
N_IRVOP,T1223,0.1276
N_IRVOP,U0347,0.1276
N_GAUGE,1S309,0.7676
NA,NA,0.1667
N_TOFAB,3N757,0.244
N_TOFAB,4S365,0.244
N_TOFAB,5S306,0.244
N_TOFAB,7S001,0.244
N_TOFAB,8S001,0.244
N_TOFAB,9S001,0.244
N_TOFAB,S9001,0.244
N_DUMPRB,1S911,0.2943
N_DUMPRB,1910S,0.2943
N_DUMPRB,1S910,0.2943
N_DUMMYA,2S532,0.1667
N_DUMMYP,9Z402,2.5689
N_DUMMYP,9Z401,1.8561
N_DUMMYD,1S284,0.0792
N_IVS,1S179,0.1216
N_SEM,1S179,0.3463
N_IVS,4S157,0.1216
N_SEM,4S157,0.3463
N_IVS,5S132,0.1216
N_SEM,5S132,0.3463
N_IVS,8S121,0.1216
N_CAN,2T145,0.9723
N_CAN,4S128,0.9723
N_CAN,5S103,0.5904
N_CAN,7S071,1.4763
N_CAN,8S083,1.0681
N_CAN,9S143,1.3895
N_CAN,T1113,0.9723
N_CAN,U0245,0.9723
N_LIFT,1S159,1.2008
N_LIFT,2T355,1.2008
N_LIFT,4S574,1.2008
N_LIFT,5S482,1.2008
N_LIFT,7S364,1.2008
N_LIFT,8S381,1.2008
N_LIFT,9S452,1.2008
N_LIFT,T1289,1.2008
N_LIFT,U0257,1.2008
N_IRVOP,1S017,0.4604
N_IRVOP,1S315,0.4604
N_IRVOP,2S011,0.4604
N_IRVOP,2T155,0.4604
N_IRVOP,T1142,0.4604
N_IRVOP,T1313,0.4604
N_IRVOP,U0272,0.4604
N_MATAS,1S168,1.5262
N_MATAS,2S195,1.5262
N_MATAS,2T163,1.5262
N_MATAS,4S146,1.5262
N_MATAS,5S121,1.5646
N_MATAS,9S159,2.0342
N_MATAS,T1134,1.5262
N_MATAS,U0264,1.5262
N_LIFT,8S392,1.913
N_IVS,1S166,0.1431
N_IVS,2S193,0.1431
N_IVS,2T161,0.1431
N_IVS,4S144,0.1431
N_IVS,5S119,0.0897
N_IVS,7S095,0.145
N_IVS,8S108,0.1099
N_IVS,9S157,0.0942
N_IVS,T1131,0.1431
N_IVS,U0262,0.1431
N_MATAS,1S906,1.0154
N_MATAS,2S446,1.0154
N_IVS,1S743,0.1153
N_SEM,1S743,0.1153
N_IVS,2T250,0.1153
N_SEM,2T250,0.1153
N_IVS,4S220,0.1153
N_SEM,4S220,0.1153
N_IVS,5S195,0.1153
N_SEM,5S195,0.1153
N_IVS,7S166,0.1153
N_SEM,7S166,0.1153
N_IVS,8S179,0.1153
N_SEM,8S179,0.1153
N_IVS,9S227,0.1153
N_SEM,9S227,0.1153
N_IVS,T1234,0.1153
N_SEM,T1234,0.1153
N_IVS,U0358,0.1153
N_SEM,U0358,0.1153
N_EVAP,1S290,5.5486
N_EVAP,2T321,5.4009
N_EVAP,4S538,5.5486
N_EVAP,5S457,6.1784
N_EVAP,7S341,6.1784
N_EVAP,8S357,5.8481
N_EVAP,9S433,5.0992
N_SEM,8S121,0.3463
N_IVS,9S169,0.1216
N_SEM,9S169,0.3463
N_IRVOP,1S181,0.4604
N_IRVOP,2S208,0.4604
N_IRVOP,4S159,0.4604
N_IRVOP,5S134,0.4604
N_IRVOP,8S123,0.4604
N_IRVOP,9S171,0.4604
N_IVS,1S185,0.1216
N_SEM,1S185,0.3463
N_IVS,2S212,0.1216
N_SEM,2S212,0.3463
N_IVS,4S329,0.1216
N_SEM,4S329,0.3463
N_IVS,5S280,0.1216
N_SEM,5S280,0.3463
N_IVS,8S127,0.1216
N_SEM,8S127,0.3463
N_IVS,9S175,0.1216
N_IRVOP,4S508,0.4604
N_IRVOP,5S431,0.4604
N_IRVOP,7S312,0.4604
N_IRVOP,8S327,0.4604
N_IRVOP,9S370,0.4604
N_IRVOP,T1125,0.4604
N_IRVOP,U0258,0.4604
N_LIFT,1S308,1.0145
N_LIFT,2S541,1.0145
N_LIFT,2T359,1.0145
N_LIFT,4S578,1.0145
N_LIFT,5S484,3.135
N_LIFT,7S366,2.0471
N_LIFT,8S383,1.9987
N_LIFT,9S456,1.2096
N_LIFT,T1291,1.0145
N_LIFT,U0256,1.0145
N_IRVOP,2T151,0.4604
N_IRVOP,9S373,0.4604
N_IVS,1S155,0.114
N_IVS,2S182,0.114
N_IVS,2T148,0.114
N_IVS,4S132,0.114
N_MATAS,2T170,1.0167
N_MATAS,4S428,1.0154
N_MATAS,5S342,0.9834
N_MATAS,7S239,1.0167
N_MATAS,8S267,1.0334
N_MATAS,9S295,1.0
N_MATAS,T1143,1.0154
N_MATAS,U0273,1.0154
N_ACIDD,1S169,0.4999
N_ACIDM,1S169,0.4003
N_ACIDP,1S169,0.4003
N_ACIDP,2S196,0.4003
N_ACIDD,2T164,0.4999
N_ACIDM,2T164,0.4003
N_ACIDP,2T164,0.4003
N_ACIDD,4S147,0.4999
N_ACIDM,4S147,0.4003
N_ACIDP,4S147,0.4003
N_ACIDD,5S122,0.4999
N_ACIDM,5S122,0.6274
N_ACIDP,5S122,0.6274
N_ACIDD,9S160,0.4999
N_ACIDM,9S160,0.4509
N_ACIDP,9S160,0.4509
N_EVAP,T1226,5.5486
N_EVAP,U0350,5.5486
N_DUMMYM,1T006,0.2592
N_DUMMYM,2T329,0.2592
N_DUMMYM,4S565,0.2592
N_DUMMYM,5S480,0.2592
N_DUMMYM,7S362,0.2592
N_DUMMYM,8S377,0.2592
N_DUMMYM,9S447,0.2592
N_DUMMYM,T1228,0.2592
N_DUMMYM,U0352,0.2592
N_4PTP,1S027,0.0709
N_4PTP,2T311,0.0709
N_4PTP,4S518,0.0709
N_4PTP,5S438,0.0709
N_4PTP,7S323,0.0709
N_4PTP,8S338,0.0709
N_4PTP,9S420,0.0709
N_4PTP,T1227,0.0709
N_4PTP,U0351,0.0709
N_COAT,1S796,0.6706
N_DEVLP,1S796,0.6706
N_COAT,2T238,0.6624
N_DEVLP,2T238,0.6624
N_SEM,9S175,0.3463
N_COAT,1S178,0.4572
N_DEVLP,1S178,0.4572
N_COAT,4S156,0.4572
N_DEVLP,4S156,0.4572
N_COAT,5S131,0.4572
N_DEVLP,5S131,0.4572
N_COAT,8S120,0.4572
N_DEVLP,8S120,0.4572
N_COAT,9S168,0.4572
N_DEVLP,9S168,0.4572
N_CAN,1S177,0.8609
N_CAN,4S155,0.8609
N_CAN,5S130,0.8609
N_CAN,8S119,0.8609
N_CAN,9S167,0.8609
N_ACIDE,1S183,0.4657
N_ACIDM,1S183,0.4657
N_ACIDE,2S210,0.4657
N_ACIDM,2S210,0.4657
N_ACIDE,4S161,0.4657
N_IVS,5S107,0.0922
N_IVS,7S074,0.1649
N_IVS,8S086,0.1935
N_IVS,9S146,0.093
N_IVS,T1116,0.114
N_IVS,U0247,0.114
N_ACIDP,1S834,0.3132
N_ACIDP,2S401,0.3132
N_ACIDD,2T143,0.3132
N_ACIDP,2T143,0.3132
N_ACIDD,4S360,0.3132
N_ACIDP,4S360,0.3132
N_ACIDD,5S301,0.3132
N_ACIDP,5S301,0.3132
N_ACIDD,7S069,0.4459
N_ACIDP,7S069,0.4459
N_ACIDD,8S081,0.3528
N_ACIDP,8S081,0.3528
N_ACIDD,9S141,0.4965
N_ACIDP,9S141,0.4965
N_ACIDD,T1111,0.3132
N_ACIDP,T1111,0.3132
N_ACIDD,T1135,0.4999
N_ACIDM,T1135,0.4003
N_ACIDP,T1135,0.4003
N_ACIDD,U0265,0.4999
N_ACIDM,U0265,0.4003
N_ACIDP,U0265,0.4003
N_COAT,1S791,0.37
N_COAT,2S371,0.3544
N_COAT,2T157,0.364
N_COAT,4S316,0.364
N_COAT,5S268,0.3544
N_COAT,7S091,0.3545
N_COAT,8S104,0.3604
N_COAT,9S153,0.3544
N_COAT,T1127,0.364
N_COAT,U0259,0.364
N_AOI,2S585,1.8567
N_TAPE,1S903,0.9529
N_TAPE,2S443,0.9529
N_TAPE,2T166,0.9529
N_TAPE,4S425,0.9529
N_TAPE,5S339,0.9488
N_TAPE,7S230,0.9109
N_TAPE,8S258,1.0102
N_COAT,4S319,0.6706
N_DEVLP,4S319,0.6706
N_COAT,5S271,0.6625
N_DEVLP,5S271,0.6625
N_COAT,7S157,0.6624
N_DEVLP,7S157,0.6624
N_COAT,8S170,0.6717
N_DEVLP,8S170,0.6717
N_COAT,9S218,0.6458
N_DEVLP,9S218,0.6458
N_COAT,T1220,0.6706
N_DEVLP,T1220,0.6706
N_COAT,U0344,0.6706
N_DEVLP,U0344,0.6706
N_CAN,1S700,0.9529
N_CAN,2T237,1.8921
N_CAN,4S209,0.9529
N_CAN,5S184,3.0484
N_CAN,7S156,1.9774
N_CAN,8S169,2.0212
N_CAN,9S217,2.2383
N_CAN,T1219,0.9529
N_CAN,U0343,0.9529
N_ACIDM,4S161,0.4657
N_ACIDE,5S136,0.4657
N_ACIDM,5S136,0.4657
N_ACIDE,8S125,0.4657
N_ACIDM,8S125,0.4657
N_ACIDE,9S173,0.4657
N_ACIDM,9S173,0.4657
N_IRVOP,9S375,0.4604
N_IVS,1S180,0.0825
N_IVS,4S158,0.0825
N_IVS,5S133,0.0825
N_IVS,8S122,0.0825
N_IVS,9S170,0.0825
N_COAT,1S176,0.3743
N_COAT,4S154,0.3743
N_COAT,5S129,0.3743
N_COAT,9S166,0.3743
N_MATAS,1S043,2.65
N_MATAS,2S033,2.65
N_MATAS,4S534,2.65
N_MATAS,5S453,2.65
N_MATAS,8S353,2.65
N_ACIDD,U0243,0.3132
N_ACIDP,U0243,0.3132
N_ACIDM,1S253,0.4803
N_ACIDM,2S289,0.4803
N_ACIDE,2T152,0.4803
N_ACIDM,2T152,0.4803
N_ACIDE,4S135,0.4803
N_ACIDM,4S135,0.4803
N_ACIDE,5S110,0.5041
N_ACIDM,5S110,0.5041
N_ACIDE,7S077,0.4631
N_ACIDM,7S077,0.4631
N_ACIDE,8S089,0.405
N_ACIDM,8S089,0.405
N_ACIDE,9S149,0.5062
N_ACIDM,9S149,0.5062
N_ACIDE,T1121,0.4803
N_ACIDM,T1121,0.4803
N_ACIDE,U0252,0.4803
N_ACIDM,U0252,0.4803
N_MATAS,1S833,1.0212
N_MATAS,2S400,0.9834
N_TAPE,9S286,0.5919
N_TAPE,T1139,0.9529
N_TAPE,U0269,0.9529
N_INTST,2S388,2.5146
N_INTST,4S345,2.5146
N_INTST,9S239,2.5146
N_EVAP,7S336,5.1475
N_EVAP,8S352,4.8742
N_DUMMYM,7S360,0.2592
N_DUMMYM,8S375,0.2592
N_4PTP,7S314,0.2645
N_4PTP,8S329,0.2645
N_ACIDD,7S097,0.217
N_ACIDM,7S097,0.217
N_ACIDP,7S097,0.217
N_ACIDD,8S110,0.217
N_ACIDM,8S110,0.217
N_ACIDP,8S110,0.217
N_MATAS,7S098,0.7334
N_MATAS,8S111,0.8834
N_ACIDD,1S200,0.5028
N_ACIDP,1S200,0.52
N_AOI,2S593,2.7673
N_IRVOP,2T248,0.4604
N_IRVOP,9S381,0.4604
N_IRVOP,9S465,0.4604
N_LIFT,1S296,1.2008
N_LIFT,2T247,1.2008
N_LIFT,4S545,1.2008
N_LIFT,5S462,1.2008
N_LIFT,7S349,1.2008
N_LIFT,8S366,1.2008
N_LIFT,9S361,1.2008
N_LIFT,T1231,1.2008
N_LIFT,U0355,1.2008
N_LIFT,1S295,1.362
N_LIFT,2T246,2.1272
N_LIFT,4S544,1.362
N_LIFT,5S461,1.0173
N_LIFT,7S351,1.3039
N_LIFT,8S368,1.0596
N_LIFT,9S364,2.3895
N_LIFT,T1230,1.362
N_MATAS,9S352,2.65
N_IRVOP,1S021,0.4604
N_IRVOP,2S015,0.4604
N_IRVOP,4S512,0.4604
N_IRVOP,5S432,0.4604
N_IRVOP,8S332,0.4604
N_IRVOP,9S376,0.4604
N_COAT,8S118,0.3822
N_AOI,1S671,0.6596
N_SCOPE,1S671,0.6596
N_SCOPE,1S897,0.7604
N_PRBPTI,1S990,0.6596
N_AOI,1T103,2.7673
N_SCOPE,1T103,0.1826
N_SCOPE,NA,0.1826
N_PKG,1S832,0.0659
N_PKG,NA,0.0659
N_PKG,1S660,0.0659
N_PKG,NA,0.0659
N_AOI,2P001,1.8139
N_MATAS,2T142,1.0167
N_MATAS,4S359,1.0212
N_MATAS,5S300,0.9834
N_MATAS,7S207,1.1834
N_MATAS,8S221,1.1285
N_MATAS,9S140,1.0334
N_MATAS,T1110,1.0212
N_MATAS,U0242,1.0212
N_COAT,1S830,0.3698
N_COAT,2S398,0.3378
N_COAT,2T144,0.3698
N_COAT,4S357,0.3544
N_COAT,5S298,0.3379
N_COAT,7S070,0.3734
N_COAT,8S082,0.3568
N_COAT,9S142,1.3499
N_COAT,T1112,0.3698
N_COAT,U0244,0.3698
N_AOI,2S589,1.2434
N_TAPE,1S307,1.0891
N_TAPE,2S539,1.0891
N_TAPE,2T357,1.0891
N_TAPE,4S576,1.0891
N_TAPE,5S483,1.1968
N_ACIDD,2S227,0.5028
N_ACIDP,2S227,0.52
N_ACIDD,2T204,0.5028
N_ACIDP,2T204,0.5447
N_ACIDD,4S178,0.5028
N_ACIDP,4S178,0.52
N_ACIDD,5S153,0.5028
N_ACIDP,5S153,0.52
N_ACIDD,7S128,0.7214
N_ACIDP,7S128,0.52
N_ACIDD,8S141,0.3697
N_ACIDP,8S141,0.5415
N_ACIDD,9S189,0.4809
N_ACIDP,9S189,0.52
N_ACIDD,T1185,0.5028
N_ACIDP,T1185,0.52
N_ACIDD,U0311,0.5028
N_ACIDP,U0311,0.52
N_IVS,1S206,0.1216
N_SEM,1S206,0.3463
N_IVS,2S233,0.1216
N_SEM,2S233,0.3463
N_IVS,2T208,0.1216
N_LIFT,U0354,1.362
N_IRVOP,1S029,0.4604
N_IRVOP,4S520,0.4604
N_IRVOP,5S440,0.4604
N_IRVOP,5S493,0.4604
N_IRVOP,7S325,0.4604
N_IRVOP,8S340,0.4604
N_IRVOP,T1232,0.4604
N_IRVOP,U0356,0.4604
N_MATAS,1S706,1.5351
N_MATAS,2T242,1.5168
N_MATAS,2T249,1.5413
N_MATAS,4S215,1.5351
N_MATAS,4S398,1.5351
N_MATAS,5S190,1.7042
N_MATAS,5S327,1.4825
N_MATAS,7S161,1.5113
N_MATAS,7S241,1.4151
N_MATAS,8S174,1.4574
N_MATAS,8S269,1.5018
N_MATAS,9S222,1.5667
N_MATAS,9S297,1.5185
N_AOI,2S542,2.7673
N_IRVOP,2T407,0.4604
N_IRVOP,8S231,0.4604
N_IRVOP,T1306,0.4604
N_IRVOP,U0388,0.4604
N_ACIDE,2S492,0.4208
N_ACIDM,2S492,0.5115
N_ACIDE,2T137,0.4208
N_ACIDM,2T137,0.5115
N_ACIDE,4S469,0.4208
N_ACIDM,4S469,0.5115
N_ACIDE,5S394,0.3115
N_ACIDM,5S394,0.5115
N_ACIDE,7S287,0.3566
N_ACIDM,7S287,0.5115
N_ACIDE,8S301,0.2798
N_ACIDM,8S301,0.5115
N_ACIDE,9S347,0.4208
N_ACIDM,9S347,0.5115
N_ACIDE,T1104,0.4208
N_ACIDM,T1104,0.5115
N_TAPE,7S365,1.0788
N_TAPE,8S382,1.0903
N_TAPE,9S454,0.8984
N_TAPE,T1290,1.0891
N_TAPE,U0255,1.0891
N_SPUT,2T297,0.7195
N_SPUT,9S399,0.7195
N_4PTP,1S983,0.2475
N_4PTP,2S507,0.2475
N_4PTP,2T298,0.2475
N_4PTP,4S483,0.2475
N_4PTP,5S407,0.3655
N_4PTP,7S296,0.2575
N_4PTP,8S310,0.2601
N_4PTP,9S401,0.2475
N_4PTP,T1123,0.2475
N_4PTP,U0254,0.2475
N_SPUT,1S972,1.6136
N_SPUT,2S497,1.6136
N_SPUT,4S472,1.6136
N_SPUT,5S397,2.2447
N_SPUT,7S286,0.6867
N_SPUT,8S300,0.9772
N_SPUT,T1122,1.6136
N_SEM,2T208,0.3463
N_IVS,4S184,0.1216
N_SEM,4S184,0.3463
N_IVS,5S159,0.1216
N_SEM,5S159,0.3463
N_IVS,7S132,0.1216
N_SEM,7S132,0.3463
N_IVS,8S145,0.1216
N_SEM,8S145,0.3463
N_IVS,9S193,0.1216
N_SEM,9S193,0.3463
N_IVS,T1189,0.1216
N_SEM,T1189,0.3463
N_IVS,U0119,0.1216
N_SEM,U0119,0.3463
N_IRVOP,1S208,0.1323
N_IRVOP,2S235,0.1323
N_IRVOP,2T210,0.095
N_IRVOP,4S186,0.1323
N_IRVOP,5S161,0.1323
N_IRVOP,7S134,0.1323
N_IRVOP,8S147,0.0884
N_IRVOP,9S195,0.1323
N_MATAS,T1224,1.5351
N_MATAS,U0348,1.5351
N_MATAS,U0357,1.4972
N_IVS,1S741,0.1326
N_IVS,2T240,0.1387
N_IVS,4S213,0.1326
N_IVS,5S188,0.1759
N_IVS,7S159,0.2034
N_IVS,8S172,0.1243
N_IVS,9S220,0.1
N_IVS,T1222,0.1326
N_IVS,U0345,0.1326
N_COAT,1S792,0.3686
N_COAT,2T236,0.356
N_COAT,4S317,0.3686
N_COAT,5S269,0.3395
N_COAT,7S155,0.356
N_COAT,8S168,0.3681
N_COAT,9S216,0.3725
N_COAT,T1218,0.3686
N_COAT,U0342,0.3686
N_AOI,2S587,1.5555
N_ACIDE,1S707,0.5924
N_ACIDM,1S707,0.536
N_ACIDE,2T243,0.5924
N_PKG,1S672,0.0659
N_PKG,1S946,0.0659
N_SVGC,1S533,6.311
N_SVGC,1S608,6.311
N_ACIDFP,1S507,0.5598
N_IRVOP,1S005,0.4604
N_FSI1,1S655,3.4061
N_SVGD,1S536,4.7557
N_SVGD,1S610,4.7557
N_SCOPE3,1S576,0.8623
N_ACIDFP,1S539,0.5598
N_ALIGN,1S535,2.3434
N_ALIGN,1S838,2.3434
N_IPC,1S538,0.4287
N_IPC,1S508,0.4287
N_IPC,1S541,0.4287
N_IRVOP,1S006,0.4604
N_BMO5,1S534,5.6361
N_SVGC,1S534,6.311
N_BMO5,1S653,5.6361
N_SVGC,1S653,6.311
N_BMO5,1S537,5.6361
N_DEVLP,7S146,0.9207
N_COAT,8S159,0.91
N_DEVLP,8S159,0.91
N_COAT,9S207,0.9373
N_DEVLP,9S207,0.9373
N_COAT,T1207,0.9232
N_DEVLP,T1207,0.9232
N_COAT,U0331,0.9232
N_DEVLP,U0331,0.9232
N_PLSTH3,1S974,2.5516
N_PVETCH,1S974,2.5516
N_SNETCH,1S974,2.5516
N_PVETCH,2T229,2.5586
N_SNETCH,2T229,2.5586
N_PLSTH3,4S474,2.5516
N_PVETCH,4S474,2.5516
N_SNETCH,4S474,2.5516
N_PLSTH3,5S399,4.6834
N_PVETCH,5S399,4.6834
N_SNETCH,5S399,4.6834
N_PLSTH3,7S291,2.5726
N_PVETCH,7S291,2.5726
N_SVGC,1S537,6.311
N_BMO5,1S654,5.6361
N_SVGC,1S654,6.311
N_FSI1,1S540,3.4061
N_MACETC,1S000,0.052
N_SCRMNT,1S907,0.2105
N_DUMPRB,1S274,0.2943
N_SCOPE9,1S323,0.8187
N_RFMAP,1S601,3.6224
N_INTST,1S600,2.5146
N_TAPE,3N197,0.9261
N_TAPE,3N205,0.9261
N_TAPE,3N213,0.9261
N_TAPE,3N221,0.9261
N_TAPE,3N229,0.9261
N_TAPE,3N393,0.9261
N_TAPE,3N267,0.9261
N_TAPE,3N276,0.9261
N_TAPE,3N285,0.9261
N_TAPE,3N294,0.9261
N_TAPE,3N051,0.9261
N_TAPE,3N303,0.9261
N_SNETCH,7S291,2.5726
N_PLSTH3,8S305,2.5579
N_PVETCH,8S305,2.5579
N_SNETCH,8S305,2.5579
N_PLSTH3,9S355,2.4568
N_PVETCH,9S355,2.4568
N_SNETCH,9S355,2.4568
N_PVETCH,T1211,2.5516
N_SNETCH,T1211,2.5516
N_PVETCH,U0335,2.5516
N_SNETCH,U0335,2.5516
N_IRVOP,1S985,0.0855
N_IRVOP,2T230,0.0855
N_IRVOP,4S485,0.0855
N_IRVOP,5S409,0.0855
N_IRVOP,7S301,0.0875
N_IRVOP,8S315,0.0855
N_IRVOP,9S380,0.0855
N_IRVOP,T1212,0.0855
N_IRVOP,U0336,0.0855
N_CAN,1S687,2.0316
N_CAN,2T224,2.4371
N_CAN,4S196,2.0316
N_CAN,5S171,1.6834
N_TAPE,3N312,0.9261
N_TAPE,3N321,0.9261
N_TAPE,3N330,0.9261
N_TAPE,3N339,0.9261
N_TAPE,3N348,0.9261
N_TAPE,3N357,0.9261
N_TAPE,3N366,0.9261
N_TAPE,3N375,0.9261
N_TAPE,3N384,0.9261
N_TAPE,3N060,0.9261
N_TAPE,3N068,0.9261
N_TAPE,3N076,0.9261
N_TAPE,3N084,0.9261
N_TAPE,3N092,0.9261
N_TAPE,3N165,0.3706
N_TAPE,3N181,0.9261
N_TAPE,3N189,0.9261
N_TAPE,3N173,0.9261
N_PLSTH3,2T319,1.4089
N_PVETCH,2T319,1.4089
N_SNETCH,2T319,1.034
N_PLSTH3,4S547,1.5285
N_CAN,7S145,2.3179
N_CAN,8S158,1.6504
N_CAN,9S206,2.6085
N_CAN,T1206,2.0316
N_CAN,U0330,2.0316
N_IVS,1S738,0.1437
N_IVS,2T227,0.1424
N_IVS,4S199,0.1437
N_IVS,5S174,0.0967
N_IVS,7S148,0.1776
N_IVS,8S161,0.2176
N_IVS,9S209,0.2273
N_IVS,T1209,0.1437
N_IVS,U0332,0.1437
N_ACIDD,1S824,1.7392
N_ACIDP,1S824,1.7392
N_ACIDD,2T220,0.5079
N_ACIDP,2T220,0.5079
N_ACIDD,4S351,0.4051
N_ACIDP,4S351,0.4051
N_ACIDD,5S292,0.2809
N_ACIDP,5S292,0.2809
N_ACIDD,7S141,0.9355
N_PVETCH,4S547,1.5285
N_SNETCH,4S547,0.985
N_PLSTH3,5S470,1.5285
N_PVETCH,5S470,1.5285
N_SNETCH,5S470,0.985
N_PLSTH3,7S353,0.9514
N_PVETCH,7S353,1.5285
N_SNETCH,7S353,0.9514
N_PLSTH3,8S361,1.3768
N_PVETCH,8S361,1.3768
N_SNETCH,8S361,1.0023
N_PLSTH3,9S437,1.5285
N_PVETCH,9S437,1.5285
N_SNETCH,9S437,0.985
N_PLSTH3,T1179,1.5285
N_PVETCH,T1179,1.5285
N_SNETCH,T1179,0.985
N_PLSTH3,U0306,1.5285
N_PVETCH,U0306,1.5285
N_SNETCH,U0306,0.985
N_IVS,1S192,0.8134
N_ACIDP,7S141,0.9355
N_ACIDD,8S154,0.4037
N_ACIDP,8S154,0.4037
N_ACIDD,9S202,0.2338
N_ACIDP,9S202,0.2338
N_ACIDD,T1203,0.4051
N_ACIDP,T1203,0.4051
N_ACIDD,U0327,0.4051
N_ACIDP,U0327,0.4051
N_COAT,1S684,2.0747
N_COAT,2T221,1.7833
N_COAT,4S193,2.0747
N_COAT,5S168,2.0747
N_COAT,7S142,2.5
N_COAT,8S155,1.3587
N_COAT,9S203,1.2683
N_COAT,T1204,2.0747
N_COAT,U0328,2.0747
N_BMO2,CURE2,4.3483
N_BMO2,PCUR1,4.4117
N_BMO2,PCUR2,4.2535
N_ACIDE,1S694,0.4141
N_DEVLP,3N775,0.5867
N_COAT,3N281,0.3822
N_DEVLP,3N281,0.5867
N_DEVLP,3N783,0.5867
N_COAT,3N290,0.3822
N_DEVLP,3N290,0.5867
N_DEVLP,3N791,0.5867
N_COAT,3N047,0.3822
N_DEVLP,3N047,0.5867
N_DEVLP,3N626,0.5867
N_COAT,3N299,0.3822
N_DEVLP,3N299,0.5867
N_DEVLP,3N799,0.5867
N_COAT,3N308,0.3822
N_DEVLP,3N308,0.5867
N_DEVLP,3N807,0.5867
N_COAT,3N317,0.3822
N_DEVLP,3N317,0.5867
N_DEVLP,3N815,0.5867
N_COAT,3N326,0.3822
N_DEVLP,3N326,0.5867
N_SEM,1S192,0.8134
N_IVS,2S219,0.8134
N_SEM,2S219,0.8134
N_IVS,2T194,0.8134
N_SEM,2T194,0.8134
N_IVS,4S170,0.8134
N_SEM,4S170,0.8134
N_IVS,5S145,0.8134
N_SEM,5S145,0.8134
N_IVS,7S121,0.8134
N_SEM,7S121,0.8134
N_IVS,8S134,0.8134
N_SEM,8S134,0.8134
N_IVS,9S182,0.8134
N_SEM,9S182,0.8134
N_IVS,T1173,0.8134
N_SEM,T1173,0.8134
N_IVS,U0118,0.8134
N_SEM,U0118,0.8134
N_IRVOP,1S194,0.1172
N_IRVOP,2S221,0.1172
N_IRVOP,2T196,0.1172
N_IRVOP,4S172,0.1172
N_IRVOP,5S147,0.1172
N_ACIDM,1S694,0.2505
N_ACIDE,2T231,0.3095
N_ACIDM,2T231,0.2505
N_ACIDE,4S203,0.4141
N_ACIDM,4S203,0.2505
N_ACIDE,5S178,0.3368
N_ACIDM,5S178,0.2505
N_ACIDE,7S151,0.2842
N_ACIDM,7S151,0.2505
N_ACIDE,8S164,0.4414
N_ACIDM,8S164,0.2505
N_ACIDE,9S213,0.3778
N_ACIDM,9S213,0.2505
N_ACIDE,T1213,0.4141
N_ACIDM,T1213,0.2505
N_ACIDE,U0337,0.4141
N_ACIDM,U0337,0.2505
N_COAT,1S686,2.5939
N_COAT,2T223,2.6
N_COAT,4S195,2.5939
N_COAT,5S170,2.6042
N_COAT,7S144,2.5834
N_COAT,8S157,2.5979
N_COAT,9S205,2.6082
N_COAT,3N335,0.3822
N_DEVLP,3N335,0.5867
N_DEVLP,3N831,0.5867
N_COAT,3N344,0.3822
N_DEVLP,3N344,0.5867
N_DEVLP,3N839,0.5867
N_COAT,3N353,0.3822
N_DEVLP,3N353,0.5867
N_DEVLP,3N847,0.5867
N_COAT,3N362,0.3822
N_DEVLP,3N362,0.5867
N_DEVLP,3N855,0.5867
N_COAT,3N371,0.3822
N_DEVLP,3N371,0.5867
N_DEVLP,3N863,0.5867
N_COAT,3N380,0.3822
N_DEVLP,3N380,0.5867
N_DEVLP,3N871,0.5867
N_COAT,3N056,0.3822
N_DEVLP,3N056,0.5867
N_DEVLP,3N635,0.5867
N_IRVOP,7S123,0.1172
N_IRVOP,8S136,0.0892
N_IRVOP,9S184,0.1172
N_IRVOP,T1175,0.1172
N_IRVOP,U0303,0.1172
N_IVS,1S324,0.1767
N_SEM,1S324,0.1767
N_IVS,2S559,0.1767
N_SEM,2S559,0.1767
N_IVS,2T391,0.1767
N_SEM,2T391,0.1767
N_IVS,4S591,0.1767
N_SEM,4S591,0.1767
N_IVS,4S593,0.1767
N_SEM,4S593,0.1767
N_IVS,5S497,0.1767
N_SEM,5S497,0.1767
N_IVS,5S499,0.1767
N_SEM,5S499,0.1767
N_IVS,7S384,0.1767
N_SEM,7S384,0.1767
N_IVS,8S395,0.1767
N_SEM,8S395,0.1767
N_COAT,T1205,2.5939
N_COAT,U0329,2.5939
N_LIFT,1S509,1.3504
N_LIFT,2T232,2.4794
N_LIFT,4S537,1.3504
N_LIFT,5S456,0.9799
N_LIFT,7S340,1.7693
N_LIFT,8S356,1.5808
N_LIFT,9S356,1.3504
N_LIFT,T1214,1.3504
N_LIFT,U0338,1.3504
N_IRVOP,1S026,0.4604
N_IRVOP,2T233,0.4604
N_IRVOP,4S517,0.4604
N_IRVOP,5S437,0.4604
N_IRVOP,7S322,0.4604
N_IRVOP,8S337,0.4604
N_IRVOP,9S383,0.4604
N_IRVOP,T1215,0.4604
N_IRVOP,U0339,0.4604
N_AOI,2S592,2.0538
N_PLSTH2,1S289,10.093
N_COAT,3N064,0.3822
N_DEVLP,3N064,0.457
N_DEVLP,3N644,0.5867
N_COAT,3N072,0.3822
N_DEVLP,3N072,0.5867
N_DEVLP,3N653,0.5867
N_COAT,3N080,0.3822
N_DEVLP,3N080,0.5867
N_DEVLP,3N662,0.5867
N_TAPE,NA,0.9261
N_DUMMYM,3N083,0.2592
N_COAT,3N088,0.3822
N_DEVLP,3N088,0.5867
N_DEVLP,3N671,0.5867
N_HAMINS,NA,23.3104
N_COAT,3N096,0.3822
N_DEVLP,3N096,0.5867
N_DEVLP,3N680,0.5867
N_COAT,3N177,0.3822
N_DEVLP,3N177,0.5867
N_DEVLP,3N689,0.5867
N_IVS,8S397,0.1767
N_SEM,8S397,0.1767
N_IVS,9S472,0.1767
N_SEM,9S472,0.1767
N_IVS,9S473,0.1767
N_SEM,9S473,0.1767
N_IVS,T1320,0.1767
N_SEM,T1320,0.1767
N_IVS,U0130,0.1465
N_SEM,U0130,0.1465
N_COAT,1S797,3.1356
N_DEVLP,1S797,0.7673
N_COAT,2S375,3.1356
N_DEVLP,2S375,0.7673
N_COAT,2T193,2.9085
N_DEVLP,2T193,0.8523
N_COAT,4S320,3.1356
N_DEVLP,4S320,0.7673
N_COAT,5S272,1.728
N_DEVLP,5S272,0.7673
N_COAT,7S120,1.7282
N_DEVLP,7S120,0.7507
N_COAT,8S133,1.7116
N_DEVLP,8S133,0.7673
N_PLSTH3,1S289,10.093
N_SNETCH,1S289,10.093
N_PLSTH2,1S668,8.3446
N_PLSTH3,1S668,8.3446
N_SNETCH,1S668,8.3446
N_PLSTH2,NA,8.3446
N_IRVOP,1S658,1.0372
N_SCOPE3,1S658,1.0372
N_SCOPE9,1S658,1.0372
N_SCOPE9,NA,1.0372
N_SVGC,1S518,6.311
N_SVGD,1S520,4.7557
N_SVGD,NA,4.7557
N_SCOPE3,1S659,0.4337
N_SCOPE3,NA,0.4337
N_IRVOP,1S950,0.4604
N_SCOPE3,1S950,0.4604
N_IRVOP,NA,0.4604
N_IRVOP,1S001,0.1164
N_SCOPE3,1S001,0.1164
N_ALIGN,1S519,2.1381
N_ALIGN,1S837,2.3088
N_COAT,3N185,0.3822
N_DEVLP,3N185,0.5867
N_DEVLP,3N698,0.5867
N_COAT,3N169,0.3822
N_DEVLP,3N169,0.4075
N_DEVLP,3N752,0.5867
N_LIFT,3RS46,1.2008
N_LIFT,3RS47,1.2008
N_LIFT,3RS48,1.2008
N_LIFT,3RS13,1.2008
N_LIFT,3RS14,1.2008
N_LIFT,3RS15,1.2008
N_LIFT,3RS16,1.2008
N_LIFT,3RS17,1.2008
N_LIFT,3RS18,1.2008
N_LIFT,3RS19,1.2008
N_LIFT,3RS37,1.2008
N_LIFT,3RS20,1.2008
N_LIFT,3RS21,1.2008
N_LIFT,3RS22,1.2008
N_LIFT,3RS23,1.2008
N_COAT,9S181,3.1356
N_DEVLP,9S181,0.8357
N_COAT,T1172,3.1356
N_DEVLP,T1172,0.7673
N_COAT,U0301,3.1356
N_DEVLP,U0301,0.7673
N_PVETCH,1S195,2.0216
N_SNETCH,1S195,2.0216
N_PVETCH,1S970,2.0216
N_PVETCH,2S495,2.0216
N_SNETCH,2S495,2.0216
N_PVETCH,2T197,2.1502
N_SNETCH,2T197,2.1502
N_PVETCH,4S473,2.0216
N_SNETCH,4S473,2.0216
N_PVETCH,5S398,2.3168
N_SNETCH,5S398,2.3168
N_PVETCH,7S290,2.0195
N_SNETCH,7S290,2.0195
N_PVETCH,8S304,2.0216
N_SNETCH,8S304,2.0216
N_PVETCH,9S353,2.0216
N_SVGC,1S575,4.9692
N_SVGD,1S575,4.9946
N_FSI1,1S048,3.4061
N_ACIDE,1S523,0.3441
N_ACIDFP,1S523,0.3441
N_PLSTH2,1S524,9.8959
N_PLSTH3,1S524,9.8959
N_SNETCH,1S524,9.8959
N_PLSTH2,1S913,14.7442
N_PLSTH3,1S913,14.7442
N_SNETCH,1S913,14.7442
N_DUMMYD,2S567,0.0792
N_ASYHLD,1NH08,0.1667
N_SPUT,5S486,1.6136
N_WFRTR,1S812,0.528
N_WFRTR,1S960,0.2849
N_DUMPRB,1S276,0.2943
N_LIFT,3RS24,1.2008
N_LIFT,3RS38,1.2008
N_LIFT,3RS39,1.2008
N_LIFT,3RS40,1.2008
N_LIFT,3RS41,1.2008
N_LIFT,3RS42,1.2008
N_LIFT,3RS43,1.2008
N_LIFT,3RS44,1.2008
N_LIFT,3RS45,1.2008
N_SAPST,1N982,11.5301
NA,NA,0.1667
N_WFRTR,1S914,0.528
N_IVS,1S220,0.1216
N_SEM,1S220,0.3463
N_IVS,2S247,0.1216
N_SEM,2S247,0.3463
N_IVS,2T292,0.1216
N_SEM,2T292,0.3463
N_IVS,4S226,0.1216
N_SEM,4S226,0.3463
N_IVS,4S350,0.1216
N_SNETCH,9S353,2.0216
N_PVETCH,9S407,2.0578
N_SNETCH,9S407,2.0578
N_PVETCH,T1176,2.0216
N_SNETCH,T1176,2.0216
N_PVETCH,U0304,3.7667
N_SNETCH,U0304,3.7667
N_PVETCH,UC304,2.0216
N_SNETCH,UC304,2.0216
N_IRVOP,1S981,0.0718
N_IRVOP,2S505,0.0718
N_IRVOP,2T198,0.0718
N_IRVOP,4S484,0.0718
N_IRVOP,5S408,0.0718
N_IRVOP,7S300,0.0718
N_IRVOP,8S314,0.0709
N_IRVOP,9S377,0.1025
N_IRVOP,T1177,0.0718
N_IRVOP,U0305,0.0718
N_CAN,1S190,1.2175
N_CAN,2S217,1.2175
N_CAN,2T192,1.3849
N_CAN,4S168,1.2175
N_SEM,4S350,0.3463
N_IVS,5S201,0.1216
N_SEM,5S201,0.3463
N_IVS,5S291,0.1216
N_SEM,5S291,0.3463
N_IVS,7S178,0.1216
N_SEM,7S178,0.3463
N_IVS,8S184,0.1216
N_SEM,8S184,0.3463
N_IVS,9S240,0.1216
N_SEM,9S240,0.3463
N_IVS,T1242,0.1216
N_SEM,T1242,0.3463
N_IVS,U0375,0.1216
N_SEM,U0375,0.3463
N_IVS,4S349,0.1216
N_SEM,4S349,0.3463
N_IVS,5S290,0.1216
N_SEM,5S290,0.3463
N_IVS,7S179,0.1216
N_SEM,7S179,0.3463
N_IVS,U0376,0.1216
N_CAN,5S143,1.0516
N_CAN,7S119,1.2817
N_CAN,8S132,1.3214
N_CAN,9S180,2.0325
N_CAN,T1171,1.2175
N_CAN,U0300,1.2175
N_IRVOP,2T309,0.0734
N_IRVOP,4S526,0.0734
N_IRVOP,5S446,0.0734
N_IRVOP,7S331,0.0734
N_IRVOP,8S346,0.0734
N_IRVOP,9S426,0.0734
N_IRVOP,T1180,0.0734
N_IRVOP,U0307,0.0734
N_IVS,1S193,0.1161
N_IVS,2S220,0.1161
N_IVS,2T195,0.1275
N_IVS,4S171,0.1161
N_IVS,5S146,0.1144
N_IVS,7S122,0.1161
N_IVS,8S135,0.1312
N_IVS,9S183,0.1584
N_IVS,T1174,0.1161
N_IVS,U0302,0.1161
N_SEM,U0376,0.3463
N_IRVOP,1S221,0.2505
N_IRVOP,2S248,0.2505
N_IRVOP,2T255,0.3264
N_IRVOP,4S227,0.2505
N_IRVOP,4S255,0.2505
N_IRVOP,5S202,0.2505
N_IRVOP,7S171,0.2505
N_IRVOP,8S185,0.2159
N_IRVOP,9S232,0.2505
N_IRVOP,NA,0.2505
N_IRVOP,T1243,0.2505
N_IRVOP,U0365,0.2505
N_BMO2,1S222,3.2979
N_BMO2,SPCUR,3.2979
N_MATAS,1S226,1.9334
N_MATAS,1S971,1.9334
N_MATAS,2S496,1.9
N_MATAS,2T259,1.9167
N_MATAS,4S475,1.9334
N_MATAS,4S476,1.9334
N_MATAS,5S400,1.9167
N_MATAS,7S292,1.9167
N_MATAS,8S306,1.9334
N_ACIDD,1S186,0.3853
N_ACIDP,1S186,0.3853
N_ACIDD,5S139,0.6132
N_ACIDP,5S139,0.6132
N_ACIDD,7S115,0.4582
N_ACIDP,7S115,0.4582
N_ACIDD,T1168,0.3853
N_ACIDP,T1168,0.3853
N_ACIDD,U0297,0.3853
N_ACIDP,U0297,0.3853
N_ACIDD,2S213,0.3717
N_ACIDP,2S213,0.3717
N_ACIDD,2T188,0.7253
N_ACIDP,2T188,0.7253
N_ACIDD,4S164,0.3717
N_ACIDP,4S164,0.3717
N_ACIDD,8S128,0.3717
N_ACIDP,8S128,0.3717
N_ACIDD,9S176,0.5434
N_ACIDP,9S176,0.5434
N_COAT,1S187,3.8332
N_COAT,2S214,3.8332
N_MATAS,9S340,1.9167
N_MATAS,T1247,1.9334
N_MATAS,U0368,1.9334
N_PLSTH3,1S223,1.3769
N_PVETCH,1S223,2.2385
N_SNETCH,1S223,1.3769
N_PLSTH3,2S250,1.4106
N_PVETCH,2S250,2.2385
N_SNETCH,2S250,1.4106
N_PLSTH3,2T257,1.4434
N_PVETCH,2T257,2.2385
N_SNETCH,2T257,1.4434
N_PLSTH3,4S229,1.4106
N_PVETCH,4S229,2.2385
N_SNETCH,4S229,1.4106
N_PLSTH3,4S257,1.4106
N_PVETCH,4S257,2.2385
N_SNETCH,4S257,1.4106
N_PLSTH3,5S204,1.0454
N_PVETCH,5S204,2.2385
N_SNETCH,5S204,1.0454
N_PLSTH3,7S173,1.0625
N_COAT,2T189,3.9519
N_COAT,4S165,3.8332
N_COAT,5S140,2.0358
N_COAT,7S116,3.575
N_COAT,8S129,2.0029
N_COAT,9S177,3.8332
N_COAT,T1169,3.8332
N_COAT,U0298,3.8332
N_BMO2,1S188,4.3915
N_BMO2,PCUR1,4.3915
N_BMO2,PCURE,4.2712
N_ACIDE,1S197,0.3611
N_ACIDM,1S197,0.3611
N_ACIDE,2S224,0.3611
N_ACIDM,2S224,0.3611
N_ACIDE,2T200,0.4574
N_ACIDM,2T200,0.4574
N_ACIDE,4S175,0.3611
N_ACIDM,4S175,0.3611
N_ACIDE,5S150,0.196
N_ACIDM,5S150,0.196
N_ACIDE,7S125,0.3297
N_PVETCH,7S173,2.2385
N_SNETCH,7S173,1.0625
N_PLSTH3,8S187,1.0457
N_PVETCH,8S187,2.2228
N_SNETCH,8S187,1.0457
N_PLSTH3,9S234,1.3608
N_PVETCH,9S234,2.2385
N_SNETCH,9S234,1.3608
N_PLSTH3,T1245,1.4106
N_PVETCH,T1245,2.2385
N_SNETCH,T1245,1.4106
N_PLSTH3,U0366,1.4106
N_PVETCH,U0366,2.2385
N_SNETCH,U0366,1.4106
N_IRVOP,1S982,0.0895
N_IRVOP,2S506,0.0895
N_IRVOP,2T260,0.0895
N_IRVOP,4S486,0.0895
N_IRVOP,4S487,0.0895
N_IRVOP,5S410,0.1101
N_IRVOP,7S302,0.0895
N_IRVOP,8S316,0.0767
N_IRVOP,9S341,0.0895
N_ACIDM,7S125,0.3297
N_ACIDE,8S138,0.4425
N_ACIDM,8S138,0.4425
N_ACIDE,9S187,0.3611
N_ACIDM,9S187,0.3611
N_ACIDE,T1181,0.3611
N_ACIDM,T1181,0.3611
N_ACIDE,U0308,0.3611
N_ACIDM,U0308,0.3611
N_COAT,1S189,2.4716
N_COAT,2S216,2.4716
N_COAT,2T191,2.46
N_COAT,4S167,2.4716
N_COAT,5S142,2.3593
N_COAT,7S118,2.5
N_COAT,8S131,2.494
N_COAT,9S179,2.35
N_COAT,T1170,2.4716
N_COAT,U0299,2.4716
N_LIFT,1S044,1.0653
N_LIFT,2S034,1.0653
N_LIFT,2T201,1.8502
N_LIFT,4S535,1.0653
N_IRVOP,T1248,0.0895
N_IRVOP,U0369,0.0895
N_ACIDE,1S224,0.3779
N_ACIDM,1S224,0.5148
N_ACIDE,2S251,0.3779
N_ACIDM,2S251,0.5148
N_ACIDE,2T258,0.424
N_ACIDM,2T258,0.5148
N_ACIDE,4S230,0.3779
N_ACIDM,4S230,0.5148
N_ACIDE,4S258,0.3779
N_ACIDM,4S258,0.5148
N_ACIDE,5S205,0.3576
N_ACIDM,5S205,0.5148
N_ACIDE,7S174,0.4204
N_ACIDM,7S174,0.5148
N_ACIDE,8S188,0.349
N_ACIDM,8S188,0.5148
N_ACIDE,9S235,0.5773
N_ACIDM,9S235,0.5148
N_ACIDE,T1246,0.3779
N_ACIDM,T1246,0.5148
N_ACIDE,U0367,0.3779
N_LIFT,5S454,0.9135
N_LIFT,7S338,0.9348
N_LIFT,8S354,1.2762
N_LIFT,9S354,0.8972
N_LIFT,T1182,1.0653
N_LIFT,U0309,1.0653
N_IRVOP,1S022,0.4604
N_IRVOP,2S016,0.4604
N_IRVOP,2T202,0.4604
N_IRVOP,4S513,0.4604
N_IRVOP,5S433,0.4604
N_IRVOP,7S318,0.4604
N_IRVOP,8S333,0.4604
N_IRVOP,9S378,0.4604
N_IRVOP,T1183,0.4604
N_IRVOP,U0310,0.4604
N_AOI,2S591,2.3231
N_IVS,1S737,0.1096
N_SEM,1S737,0.1096
N_IVS,2T226,0.1096
N_SEM,2T226,0.1096
N_IVS,4S198,0.1096
N_ACIDM,U0367,0.5148
N_LIFT,4S448,1.2008
N_AOI,2S590,1.3291
N_COAT,1S714,3.2369
N_COAT,2S323,3.2759
N_COAT,2T252,3.5562
N_COAT,4S223,3.21
N_COAT,5S198,2.385
N_COAT,7S168,2.829
N_COAT,8S181,3.2441
N_COAT,9S229,3.2593
N_COAT,T1238,3.21
N_COAT,U0362,3.21
N_COAT,1S716,0.6955
N_DEVLP,1S716,0.6955
N_COAT,2S325,0.6955
N_DEVLP,2S325,0.6955
N_COAT,2T254,0.7005
N_DEVLP,2T254,0.7005
N_COAT,4S225,0.7043
N_DEVLP,4S225,0.7043
N_COAT,5S200,0.6955
N_SEM,4S198,0.1096
N_IVS,5S173,0.1096
N_SEM,5S173,0.1096
N_IVS,7S147,0.1096
N_SEM,7S147,0.1096
N_IVS,8S160,0.1096
N_SEM,8S160,0.1096
N_IVS,9S208,0.1096
N_SEM,9S208,0.1096
N_IVS,T1208,0.1096
N_SEM,T1208,0.1096
N_IVS,U0333,0.1096
N_SEM,U0333,0.1096
N_IRVOP,1S691,0.1345
N_IRVOP,2T228,0.1345
N_IRVOP,4S200,0.1345
N_IRVOP,5S175,0.1345
N_IRVOP,7S149,0.185
N_IRVOP,8S162,0.1178
N_IRVOP,9S210,0.1345
N_IRVOP,T1210,0.1345
N_IRVOP,U0334,0.1345
N_IVS,1S325,0.3056
N_SEM,1S325,0.3056
N_IVS,2T392,0.3056
N_DEVLP,5S200,0.6955
N_COAT,7S170,0.6955
N_DEVLP,7S170,0.6955
N_COAT,8S183,0.7005
N_DEVLP,8S183,0.7005
N_COAT,9S231,0.6955
N_DEVLP,9S231,0.6955
N_COAT,T1241,0.7043
N_DEVLP,T1241,0.7043
N_COAT,U0364,0.7043
N_DEVLP,U0364,0.7043
N_CAN,1S715,1.6853
N_CAN,2S324,2.0171
N_CAN,2T253,2.3645
N_CAN,4S224,2.0171
N_CAN,5S199,1.9641
N_CAN,7S169,1.9252
N_CAN,8S182,1.921
N_CAN,9S230,1.0445
N_CAN,NA,2.0171
N_CAN,T1240,2.0171
N_CAN,U0363,2.0171
N_SEM,2T392,0.3056
N_IVS,4S592,0.3056
N_SEM,4S592,0.3056
N_IVS,5S498,0.3056
N_SEM,5S498,0.3056
N_IVS,7S383,0.2292
N_SEM,7S383,0.2292
N_IVS,8S396,0.1116
N_SEM,8S396,0.1116
N_IVS,9S474,0.4661
N_SEM,9S474,0.4661
N_IVS,T1321,0.3056
N_SEM,T1321,0.3056
N_IVS,U0340,0.3056
N_SEM,U0340,0.3056
N_COAT,1S799,0.9232
N_DEVLP,1S799,0.9232
N_COAT,2T225,0.9042
N_DEVLP,2T225,0.9042
N_COAT,4S321,0.9232
N_DEVLP,4S321,0.9232
N_COAT,5S273,0.904
N_DEVLP,5S273,0.904
N_COAT,7S146,0.9207
N_ACIDP,5S005,0.2189
N_ACIDP,9S003,0.2189
N_LIFT,1S928,1.2008
N_IRVOP,1S319,0.4604
N_IRVOP,4S440,0.4604
N_IRVOP,5S357,0.4604
N_IRVOP,9S308,0.4604
N_IRVOP,9S459,0.4604
N_IRVOP,NA,0.4604
N_IRVOP,U0155,0.4604
N_LIFT,1S280,1.2008
N_LIFT,9S410,1.2008
N_LIFT,U0154,1.2008
N_LIFT,1S279,1.0834
N_LIFT,4S493,1.0834
N_LIFT,5S416,0.6672
N_LIFT,9S409,1.0834
N_LIFT,U0153,1.0834
N_MATAS,1S062,1.5014
N_MATAS,4S012,1.5014
N_MATAS,5S012,1.5684
N_MATAS,9S009,1.4894
N_SEM,2S133,0.3462
N_SEM,2T373,0.3679
N_IVS,4S083,0.3462
N_SEM,4S083,0.3462
N_SEM,5S071,0.3462
N_IVS,7S067,0.3462
N_SEM,7S067,0.3462
N_IVS,8S079,0.3462
N_SEM,8S079,0.3462
N_IVS,9S127,0.3462
N_SEM,9S127,0.3462
N_IVS,T1092,0.3462
N_SEM,T1092,0.3462
N_IVS,U0110,0.3462
N_SEM,U0110,0.3462
N_DEVLP,2S416,0.5225
N_DEVLP,2T021,0.5117
N_DEVLP,4S072,0.5225
N_DEVLP,4S383,0.5225
N_DEVLP,5S313,0.5952
N_DEVLP,7S056,0.595
N_DEVLP,8S068,0.5608
N_DEVLP,9S116,0.6652
N_DEVLP,T1073,0.5225
N_SEM,2S164,0.3463
N_IVS,2T088,0.1216
N_SEM,2T088,0.3463
N_IVS,4S114,0.1216
N_SEM,4S114,0.3463
N_IVS,5S089,0.1216
N_SEM,5S089,0.3463
N_IVS,7S031,0.1216
N_SEM,7S031,0.3463
N_IVS,8S043,0.1216
N_SEM,8S043,0.3463
N_IVS,9S074,0.1216
N_SEM,9S074,0.3463
N_IVS,T1039,0.1216
N_SEM,T1039,0.3463
N_IVS,U0113,0.1216
N_SEM,U0113,0.3463
N_IRVOP,1S139,0.0985
N_IRVOP,2S166,0.0985
N_IRVOP,2T090,0.0985
N_IRVOP,4S116,0.0985
N_IRVOP,5S091,0.0985
N_IRVOP,7S033,0.0985
N_SNETCH,7S087,0.9387
N_PLSTH3,8S099,3.0167
N_SNETCH,8S099,3.0167
N_PLSTH3,T1103,3.0167
N_SNETCH,T1103,3.0167
N_PLSTH3,2T367,2.8435
N_SNETCH,2T367,2.6167
N_PLSTH3,9S135,2.8435
N_SNETCH,9S135,2.6167
N_SNETCH,U0102,0.9705
N_PLSTH3,1S129,2.8435
N_SNETCH,1S129,2.6167
N_SNETCH,2S142,2.6167
N_IVS,1S126,0.1216
N_SEM,1S126,0.3463
N_SEM,2S336,0.3463
N_IVS,2T133,0.1216
N_SEM,2T133,0.3463
N_IVS,4S089,0.1216
N_SEM,4S089,0.3463
N_IVS,5S077,0.1216
N_MATAS,U0149,1.5014
N_EVAP,1S037,3.9047
N_EVAP,4S528,3.9047
N_EVAP,5S447,4.23
N_EVAP,9S427,3.4475
N_EVAP,U0121,3.9047
N_DUMMYM,1S995,0.2592
N_DUMMYM,9S441,0.2592
N_DUMMYM,U0151,0.2592
N_4PTP,1S008,0.0735
N_4PTP,4S497,0.0735
N_4PTP,5S419,0.0735
N_4PTP,9S412,0.0735
N_4PTP,U0134,0.0735
N_MATAS,1S939,1.0334
N_MATAS,4S456,1.0193
N_MATAS,5S366,1.0
N_MATAS,9S384,0.9834
N_MATAS,U0156,1.0193
N_ACIDE,1S063,0.3841
N_ACIDM,1S063,0.4461
N_DEVLP,2T395,0.374
N_ACIDM,4S013,0.4461
N_ACIDM,5S013,0.545
N_DEVLP,U0166,0.5225
N_CAN,2S120,2.2307
N_CAN,2T020,2.2439
N_CAN,4S070,2.2307
N_CAN,5S058,2.2307
N_CAN,7S055,1.101
N_CAN,8S067,0.7861
N_CAN,9S115,2.2307
N_CAN,T1072,2.2307
N_CAN,U0165,2.2307
N_IRVOP,2T029,0.4604
N_IRVOP,9S368,0.4604
N_LIFT,2S394,3.6552
N_LIFT,4S353,3.6552
N_LIFT,5S294,3.6552
N_LIFT,7S065,2.6634
N_LIFT,8S077,3.6552
N_LIFT,9S125,3.6552
N_IRVOP,1S320,0.4604
N_IRVOP,2S510,0.4604
N_IRVOP,2S553,0.4604
N_IRVOP,2T034,0.4604
N_IRVOP,4S489,0.4604
N_IRVOP,8S045,0.0985
N_IRVOP,9S076,0.0985
N_IRVOP,NA,0.0985
N_IRVOP,T1041,0.0985
N_IRVOP,U0229,0.0985
N_MATAS,1S141,1.2014
N_MATAS,2S168,1.2014
N_MATAS,4S118,1.2014
N_MATAS,5S093,1.1617
N_MATAS,7S035,1.2384
N_MATAS,8S047,1.2667
N_MATAS,T1043,1.2014
N_MATAS,U0231,1.2014
N_COAT,1S825,1.1879
N_COAT,2S393,1.0722
N_DEVLP,2T087,0.6366
N_COAT,4S352,1.1879
N_DEVLP,4S352,1.2976
N_COAT,5S293,2.0
N_DEVLP,5S293,1.2976
N_COAT,7S030,1.1373
N_DEVLP,7S030,1.2976
N_COAT,8S042,1.6017
N_DEVLP,8S042,1.4148
N_SEM,5S077,0.3463
N_IVS,7S084,0.1216
N_SEM,7S084,0.3463
N_IVS,8S096,0.1216
N_SEM,8S096,0.3463
N_IVS,9S132,0.1216
N_SEM,9S132,0.3463
N_IVS,T1099,0.1216
N_SEM,T1099,0.3463
N_IVS,U0111,0.1216
N_SEM,U0111,0.3463
N_IRVOP,1S128,0.1184
N_IRVOP,2S141,0.1184
N_IRVOP,2T135,0.1184
N_IRVOP,4S091,0.1184
N_IRVOP,5S079,0.1184
N_IRVOP,7S086,0.1184
N_IRVOP,8S098,0.1184
N_IRVOP,9S134,0.1184
N_IRVOP,T1101,0.1184
N_IRVOP,U0217,0.1184
N_IVS,1S132,0.1131
N_SEM,1S132,0.1131
N_SEM,2S335,0.1131
N_ACIDE,9S010,0.4461
N_ACIDM,9S010,0.4461
N_DEVLP,U0150,0.3841
N_COAT,1S867,0.3709
N_COAT,4S380,0.3544
N_COAT,5S310,0.3912
N_COAT,9S004,0.3545
N_TAPE,1S278,0.9261
N_TAPE,4S492,0.9261
N_TAPE,5S415,0.9709
N_TAPE,9S408,0.98
N_TAPE,U0152,0.9261
N_ACIDE,U0157,0.4205
N_ACIDM,U0157,0.4205
N_PLSTH3,NA,2.8435
N_PLSTH3,U0122,2.8435
N_PLSTH3,1S074,3.1086
N_PLSTH3,4S036,3.1086
N_PLSTH3,5S024,3.1076
N_PLSTH3,7S010,3.092
N_PLSTH3,8S021,1.1234
N_PLSTH3,9S021,3.1253
N_IVS,1S071,0.3463
N_IRVOP,5S412,0.4604
N_IRVOP,5S488,0.4604
N_IRVOP,7S294,0.4604
N_IRVOP,8S308,0.4604
N_IRVOP,9S369,0.4604
N_IRVOP,NA,0.4604
N_IRVOP,T1091,0.4604
N_IRVOP,U0178,0.4604
N_IRVOP,U0392,0.4604
N_LIFT,2T343,0.9372
N_LIFT,T1088,1.2008
N_LIFT,U0139,1.2008
N_MATAS,1S828,1.4708
N_MATAS,2S500,1.4708
N_MATAS,2T375,1.6352
N_MATAS,4S478,1.4708
N_MATAS,5S402,1.4047
N_MATAS,7S284,1.5912
N_MATAS,8S298,1.4028
N_MATAS,9S346,1.4708
N_MATAS,T1090,1.4708
N_MATAS,U0143,1.4708
N_EVAP,2S036,4.4678
N_DEVLP,9S073,0.608
N_COAT,T1038,1.1879
N_DEVLP,T1038,1.2976
N_COAT,U0227,1.1879
N_DEVLP,U0227,1.2976
N_ACIDE,1S142,1.0431
N_ACIDE,2S169,1.0431
N_ACIDE,4S119,1.0431
N_ACIDE,5S094,1.5239
N_ACIDE,7S036,0.9223
N_ACIDE,8S048,1.0731
N_ACIDE,T1044,1.0431
N_ACIDE,U0103,1.0431
N_CAN,1S135,1.0013
N_CAN,2S162,0.9919
N_CAN,2T086,1.0629
N_CAN,4S112,1.0013
N_CAN,5S087,1.0099
N_CAN,7S029,1.0723
N_CAN,8S041,1.0736
N_CAN,9S072,1.0013
N_CAN,T1037,1.0013
N_CAN,U0226,1.0013
N_IRVOP,2T097,0.4604
N_IVS,2T141,0.1131
N_SEM,2T141,0.1131
N_IVS,4S328,0.1131
N_SEM,4S328,0.1131
N_IVS,5S279,0.1131
N_SEM,5S279,0.1131
N_IVS,7S090,0.1131
N_SEM,7S090,0.1131
N_IVS,8S103,0.1131
N_SEM,8S103,0.1131
N_IVS,9S139,0.1131
N_SEM,9S139,0.1131
N_IVS,T1109,0.1131
N_SEM,T1109,0.1131
N_IVS,U0112,0.1131
N_SEM,U0112,0.1131
N_COAT,1S125,0.5757
N_DEVLP,1S125,0.5757
N_DEVLP,2S138,0.5757
N_DEVLP,2T132,0.5757
N_COAT,4S362,0.5757
N_DEVLP,4S362,0.5757
N_COAT,5S303,1.315
N_SEM,1S071,0.3463
N_SEM,4S033,0.3463
N_SEM,5S021,0.3463
N_SEM,7S007,0.3463
N_IVS,8S018,0.3463
N_SEM,8S018,0.3463
N_IVS,9S018,0.3463
N_SEM,9S018,0.3463
N_IVS,U0104,0.3463
N_SEM,U0104,0.3463
N_IRVOP,1S073,0.1838
N_IRVOP,4S035,0.1838
N_IRVOP,5S023,0.1838
N_IRVOP,7S009,0.1838
N_IRVOP,8S020,0.1838
N_IRVOP,9S020,0.1838
N_IRVOP,NA,0.1838
N_IRVOP,U0148,0.1838
N_IVS,1S078,0.3107
N_SEM,1S078,0.3107
N_IVS,4S333,0.3107
N_SEM,4S333,0.3107
N_SEM,5S028,0.3107
N_SEM,7S014,0.3107
N_EVAP,2T360,4.0142
N_EVAP,4S080,4.4678
N_EVAP,4S529,4.4678
N_EVAP,5S448,3.9
N_EVAP,7S334,4.0942
N_EVAP,8S349,4.7425
N_EVAP,9S430,4.4678
N_EVAP,T1084,4.4678
N_EVAP,U0175,4.4678
N_DUMMYM,1S996,0.2592
N_DUMMYM,4S560,0.2592
N_DUMMYM,7S359,0.2592
N_DUMMYM,8S374,0.2592
N_DUMMYM,9S444,0.2592
N_DUMMYM,T1086,0.2592
N_DUMMYM,U0177,0.2592
N_4PTP,1S011,0.057
N_4PTP,2S026,0.057
N_4PTP,2T370,0.057
N_4PTP,4S500,0.057
N_4PTP,5S425,0.057
N_4PTP,7S311,0.057
N_4PTP,8S326,0.057
N_4PTP,9S417,0.057
N_IRVOP,2T377,0.4604
N_IRVOP,9S365,0.4604
N_LIFT,4S554,1.2008
N_LIFT,5S468,1.2008
N_LIFT,9S363,1.2008
N_LIFT,1S301,1.0094
N_LIFT,2S519,1.0094
N_LIFT,2T095,0.8296
N_LIFT,4S553,1.0094
N_LIFT,5S467,2.2004
N_LIFT,7S350,0.5486
N_LIFT,8S367,1.7747
N_LIFT,9S362,1.0094
N_LIFT,T1050,1.0094
N_LIFT,U0237,1.0094
N_IRVOP,1S016,0.4604
N_IRVOP,2S010,0.4604
N_IRVOP,4S507,0.4604
N_IRVOP,5S430,0.4604
N_IRVOP,5S490,0.4604
N_IRVOP,7S308,0.4604
N_IRVOP,8S323,0.4604
N_DEVLP,5S303,1.315
N_COAT,7S083,0.5563
N_DEVLP,7S083,0.5563
N_COAT,8S095,1.3088
N_DEVLP,8S095,1.3088
N_DEVLP,9S131,0.5757
N_DEVLP,T1098,0.5757
N_DEVLP,U0215,0.5757
N_CAN,1S124,1.0838
N_CAN,2S137,1.0838
N_CAN,2T131,1.0838
N_CAN,4S087,1.0838
N_CAN,5S075,1.1304
N_CAN,7S082,1.2462
N_CAN,8S094,1.0828
N_CAN,9S130,1.0838
N_CAN,T1097,1.0838
N_CAN,U0214,1.0838
N_MATAS,2S145,1.2585
N_MATAS,2T291,1.2585
N_MATAS,4S095,1.2585
N_MATAS,7S209,1.2892
N_MATAS,8S102,1.252
N_MATAS,T1108,1.2585
N_ACIDE,2S155,0.5742
N_ACIDM,2S155,0.5742
N_ACIDE,4S105,0.5742
N_ACIDM,4S105,0.5742
N_DUMMY,9Z400,0.3355
N_GRIND,1S514,1.0263
N_GRIND,1S651,1.0263
N_IPC,1S516,0.4126
N_GAUGE,1S515,1.9499
N_IPC,1S522,0.4399
N_GAUGE,1S513,0.6926
N_ACIDE,1S047,0.5598
N_ACIDFP,1S047,0.5598
N_GAUGE,1S652,1.9499
N_GAUGE,1S650,1.9499
N_GRIND,1S845,1.0333
N_GAUGE,1S846,1.8119
N_IVS,1S099,0.1216
N_SEM,1S099,0.3463
N_IVS,2T105,0.1216
N_SEM,2T105,0.3463
N_IVS,4S062,0.1216
N_4PTP,T1085,0.057
N_4PTP,U0176,0.057
N_IRVOP,1S010,0.0659
N_IRVOP,2S002,0.0659
N_IRVOP,2T026,0.0659
N_IRVOP,4S499,0.0659
N_IRVOP,7S310,0.0659
N_IRVOP,8S325,0.0659
N_IRVOP,9S367,0.0659
N_IRVOP,S5000,0.0659
N_IRVOP,T1079,0.0659
N_IRVOP,U0170,0.0659
N_IVS,2S124,0.1216
N_IVS,2T023,0.1107
N_IVS,4S074,0.1216
N_IVS,5S062,0.1617
N_IVS,7S058,0.1017
N_IVS,8S070,0.0895
N_IVS,9S118,0.1216
N_IVS,T1075,0.1216
N_IVS,U0167,0.1216
N_MATAS,2T386,1.4873
N_MATAS,T1317,1.493
N_MATAS,U0163,1.493
N_IRVOP,NA,0.4604
N_IRVOP,T1051,0.4604
N_IRVOP,U0238,0.4604
N_IRVOP,U0396,0.4604
N_MATAS,1S916,1.4832
N_MATAS,1S922,1.4832
N_MATAS,2S452,1.4832
N_MATAS,2T091,1.5086
N_MATAS,4S436,1.4832
N_MATAS,5S353,1.5596
N_MATAS,7S245,1.3867
N_MATAS,8S273,1.5658
N_MATAS,9S077,1.4832
N_MATAS,T1052,1.4832
N_MATAS,U0239,1.4832
N_EVAP,1S040,4.6866
N_EVAP,2S030,4.6866
N_EVAP,2T313,4.5284
N_EVAP,4S531,4.6866
N_EVAP,5S450,3.315
N_EVAP,7S332,4.7642
N_EVAP,8S347,4.6259
N_EVAP,9S428,4.6866
N_IRVOP,2T138,0.4604
N_IRVOP,9S371,0.4604
N_IVS,1S127,0.1594
N_IVS,2S140,0.1594
N_IVS,2T134,0.1594
N_IVS,4S090,0.1594
N_IVS,5S078,0.1109
N_IVS,7S085,0.1134
N_IVS,8S097,0.1331
N_IVS,9S133,0.1594
N_IVS,T1100,0.1594
N_IVS,U0216,0.1594
N_ACIDE,1S967,0.4205
N_ACIDM,1S967,0.4799
N_IRVOP,1S978,0.4604
N_COAT,1S123,0.354
N_COAT,2S136,0.354
N_COAT,2T130,0.354
N_COAT,4S363,0.354
N_COAT,5S304,0.354
N_MATAS,U0223,1.2585
N_COAT,9S396,0.354
N_MATAS,1S039,2.0167
N_LIFT,2S042,2.0167
N_SEM,4S062,0.3463
N_SEM,5S050,0.3463
N_IVS,7S047,0.1216
N_SEM,7S047,0.3463
N_IVS,8S059,0.1216
N_SEM,8S059,0.3463
N_IVS,9S089,0.1216
N_SEM,9S089,0.3463
N_IVS,T1063,0.1216
N_SEM,T1063,0.3463
N_IVS,U0108,0.1216
N_SEM,U0108,0.3463
N_IRVOP,1S100,0.1014
N_IRVOP,2T106,0.1014
N_IRVOP,4S063,0.1014
N_IRVOP,5S051,0.1014
N_IRVOP,7S048,0.1014
N_IRVOP,8S060,0.265
N_IRVOP,9S090,0.1014
N_IRVOP,T1064,0.1014
N_IRVOP,U0193,0.1014
N_COAT,1S096,0.7556
N_DEVLP,1S096,0.7556
N_ACIDD,4S068,0.4034
N_ACIDP,4S068,0.4034
N_ACIDP,5S056,0.5713
N_ACIDD,7S053,0.4809
N_ACIDP,7S053,0.4809
N_ACIDD,8S065,0.4034
N_ACIDP,8S065,0.4034
N_ACIDD,9S113,0.4034
N_ACIDP,9S113,0.4034
N_ACIDM,2S129,0.4799
N_ACIDM,2T030,0.4855
N_ACIDE,4S079,0.5748
N_ACIDM,4S079,0.4799
N_ACIDM,5S067,1.2474
N_ACIDE,7S063,0.5748
N_ACIDM,7S063,0.4856
N_ACIDE,8S075,0.5748
N_ACIDM,8S075,0.3692
N_ACIDE,9S123,0.5748
N_ACIDM,9S123,0.4799
N_ACIDE,T1083,0.5748
N_ACIDM,T1083,0.4799
N_ACIDE,U0174,0.5748
N_EVAP,T1046,4.6866
N_EVAP,U0233,4.6866
N_DUMMYM,2T324,0.2592
N_DUMMYM,4S562,0.2592
N_DUMMYM,5S478,0.2592
N_DUMMYM,7S358,0.2592
N_DUMMYM,8S373,0.2592
N_DUMMYM,9S442,0.2592
N_DUMMYM,T1048,0.2592
N_DUMMYM,U0235,0.2592
N_4PTP,1S014,0.069
N_4PTP,2S008,0.069
N_4PTP,2T302,0.069
N_4PTP,4S505,0.069
N_4PTP,5S428,0.069
N_4PTP,7S307,0.069
N_4PTP,8S322,0.069
N_4PTP,9S414,0.069
N_4PTP,T1047,0.069
N_4PTP,U0234,0.069
N_IVS,1S138,0.1055
N_IVS,2S165,0.1055
N_IVS,2T089,0.1384
N_IVS,4S115,0.1055
N_LIFT,2T139,2.0167
N_LIFT,4S542,2.0167
N_MATAS,5S460,2.0167
N_LIFT,7S342,2.0171
N_LIFT,8S351,2.3056
N_LIFT,9S348,2.0167
N_LIFT,T1106,2.0167
N_LIFT,U0221,2.0167
N_IRVOP,1S012,0.4604
N_IRVOP,2S004,0.4604
N_IRVOP,2T140,0.4604
N_IRVOP,4S501,0.4604
N_IRVOP,5S426,0.4604
N_IRVOP,7S313,0.4604
N_IRVOP,8S328,0.4604
N_IRVOP,9S372,0.4604
N_IRVOP,T1107,0.4604
N_IRVOP,U0222,0.4604
N_AOI,2S582,1.2441
N_COAT,7S081,0.373
N_COAT,8S093,0.3604
N_COAT,T1096,0.373
N_COAT,2T103,0.7319
N_DEVLP,2T103,0.7319
N_COAT,4S059,0.7556
N_DEVLP,4S059,0.7556
N_DEVLP,5S047,0.7628
N_COAT,7S045,0.7559
N_DEVLP,7S045,0.7559
N_COAT,8S057,0.7485
N_DEVLP,8S057,0.7485
N_COAT,9S086,0.7319
N_DEVLP,9S086,0.7319
N_COAT,T1061,0.7556
N_DEVLP,T1061,0.7556
N_COAT,U0191,0.7556
N_DEVLP,U0191,0.7556
N_CAN,1S095,1.001
N_CAN,2T102,1.3675
N_CAN,4S058,1.001
N_CAN,5S046,1.001
N_CAN,7S044,1.001
N_CAN,8S056,1.0169
N_CAN,9S085,1.001
N_CAN,T1060,1.001
N_ACIDM,U0174,0.4799
N_COAT,2T019,0.3912
N_COAT,4S069,0.3683
N_COAT,4S382,0.3683
N_COAT,5S312,0.3747
N_COAT,7S054,0.3734
N_COAT,8S066,0.3603
N_COAT,9S114,0.3735
N_COAT,T1071,0.3683
N_COAT,U0164,0.3683
N_LIFT,5S418,1.2008
N_AOI,2S577,1.4165
N_TAPE,2T342,0.9971
N_TAPE,T1087,0.9798
N_TAPE,U0131,0.9798
N_MACMTL,2T374,0.0884
N_MACMTL,U0138,0.0884
N_TAPE,T1346,0.9261
N_ACIDE,9S050,0.2933
N_ACIDM,9S050,0.2933
N_PLSTH3,2T365,2.5334
N_SNETCH,2T365,2.5334
N_PLSTH3,9S330,1.6667
N_IVS,5S090,0.0975
N_IVS,7S032,0.1813
N_IVS,8S044,0.1004
N_IVS,9S075,0.1055
N_IVS,T1040,0.1055
N_IVS,U0228,0.1055
N_ACIDP,1S133,0.4453
N_ACIDP,2S160,1.41
N_ACIDD,2T084,0.2269
N_ACIDP,2T084,0.2269
N_ACIDD,4S110,0.4453
N_ACIDP,4S110,0.4453
N_ACIDD,5S085,1.0036
N_ACIDP,5S085,1.0036
N_ACIDD,7S027,0.4453
N_ACIDP,7S027,0.4453
N_ACIDD,8S039,0.585
N_ACIDP,8S039,0.585
N_ACIDD,9S070,0.4453
N_ACIDP,9S070,0.4453
N_ACIDD,T1035,0.4453
N_ACIDP,T1035,0.4453
N_COAT,U0213,0.373
N_AOI,2S572,3.2727
N_AOI,2S575,3.2727
N_DUMPRB,CLWLR,0.2943
N_ITHOLD,1NT34,0.0925
N_ACIDD,2T187,0.6085
N_ACIDP,2T187,0.675
N_ACIDD,4S418,0.6085
N_ACIDP,4S418,0.608
N_ACIDD,5S379,0.6085
N_ACIDP,5S379,0.608
N_ACIDD,7S269,0.6085
N_ACIDP,7S269,0.5859
N_ACIDD,8S256,0.6085
N_ACIDP,8S256,0.6555
N_ACIDD,9S325,0.6085
N_ACIDP,9S325,0.6221
N_ACIDD,T1165,0.6085
N_ACIDP,T1165,0.608
N_ACIDD,U0294,0.6085
N_ACIDP,U0294,0.608
N_NOV,2S481,2.4658
N_NOV,T1146,2.2184
N_CAN,U0190,1.001
N_EXT,4S065,2.3527
N_IMHOLD,4S065,2.3527
N_IMPLNT,4S065,2.3527
N_IMPLNT,5S053,2.8321
N_EXT,7S050,2.079
N_IMHOLD,7S050,2.079
N_IMPLNT,7S050,2.079
N_EXT,8S062,3.642
N_IMHOLD,8S062,3.642
N_IMPLNT,8S062,3.642
N_EXT,T1066,2.3527
N_IMHOLD,T1066,2.3527
N_IMPLNT,T1066,2.3527
N_EXT,U0128,2.3527
N_IMHOLD,U0128,2.3527
N_IMPLNT,U0128,2.3527
N_EXT,1S101,0.7805
N_IMHOLD,1S101,0.7805
N_EXT,2T108,0.7805
N_SNETCH,9S330,1.6667
N_IVS,2T057,0.1216
N_SEM,2T057,0.3463
N_IVS,9S044,0.1216
N_SEM,9S044,0.3463
N_IRVOP,2T059,0.4604
N_IRVOP,9S046,0.4604
N_IVS,2T066,0.1216
N_SEM,2T066,0.3463
N_IVS,9S054,0.1216
N_SEM,9S054,0.3463
N_ACIDE,2T061,0.5425
N_ACIDM,2T061,0.5425
N_ACIDE,9S049,0.5734
N_ACIDM,9S049,0.5734
N_TENCO,2T065,0.058
N_TENCO,9S053,0.058
N_MATAS,2T064,1.5014
N_MATAS,9S052,1.5014
N_DEVLP,2T056,1.8037
N_DEVLP,9S043,0.5395
N_CAN,2T055,1.2593
N_ACIDD,U0224,0.4453
N_ACIDP,U0224,0.4453
N_MATAS,2T098,0.9834
N_MATAS,9S301,1.0
N_ACIDD,1S143,0.488
N_ACIDP,2S170,0.3419
N_ACIDD,2T092,0.488
N_ACIDM,2T092,0.4609
N_ACIDP,2T092,0.4609
N_ACIDD,4S120,0.488
N_ACIDM,4S120,0.3419
N_ACIDP,4S120,0.3419
N_ACIDD,5S095,0.488
N_ACIDM,5S095,0.254
N_ACIDP,5S095,0.254
N_ACIDD,7S037,0.488
N_ACIDM,7S037,0.2796
N_ACIDP,7S037,0.2796
N_ACIDD,8S049,0.488
N_ACIDM,8S049,0.4001
N_ACIDP,8S049,0.4001
N_ACIDD,9S078,0.488
N_NOV,U0275,2.2184
N_NAN02,2S482,0.4813
N_NAN02,T1147,0.4254
N_NAN02,U0276,0.4254
N_PLSTH3,1S800,0.9343
N_PVETCH,1S800,0.9343
N_SNETCH,1S800,0.9343
N_SNETCH,1S975,0.9343
N_PLSTH3,2S499,0.9343
N_PVETCH,2S499,0.9343
N_SNETCH,2S499,0.9343
N_PLSTH3,4S477,0.9343
N_PVETCH,4S477,0.9343
N_SNETCH,4S477,0.9343
N_PLSTH3,5S401,0.9343
N_PVETCH,5S401,0.9343
N_SNETCH,5S401,0.9343
N_PLSTH3,8S303,0.9343
N_PVETCH,8S303,0.9343
N_SNETCH,8S303,0.9343
N_PLSTH3,9S351,0.9343
N_IMHOLD,2T108,0.7805
N_IMPLNT,2T108,0.7805
N_EXT,4S064,0.7805
N_IMHOLD,4S064,0.7805
N_IMPLNT,4S064,0.7805
N_IMPLNT,5S052,0.7805
N_EXT,7S049,0.7709
N_IMHOLD,7S049,0.7709
N_IMPLNT,7S049,0.7709
N_EXT,8S061,0.8053
N_IMHOLD,8S061,0.8053
N_IMPLNT,8S061,0.8053
N_EXT,9S404,0.8142
N_IMHOLD,9S404,0.8142
N_IMPLNT,9S404,0.8142
N_EXT,T1065,0.7805
N_IMHOLD,T1065,0.7805
N_IMPLNT,T1065,0.7805
N_EXT,U0127,0.7805
N_IMHOLD,U0127,0.7805
N_CAN,9S042,1.3822
N_PLSTH3,2T060,3.7534
N_PLSTH3,9S048,3.9853
N_IRVOP,2T366,0.0521
N_IRVOP,9S331,0.0521
N_IVS,2T058,0.1197
N_IVS,9S045,0.095
N_MATAS,2T388,1.6731
N_MATAS,9S468,1.4645
N_COAT,2T054,0.3729
N_COAT,9S041,0.3734
N_LIFT,2T062,2.4405
N_MATAS,2T062,2.4405
N_LIFT,9S332,2.1767
N_MATAS,9S332,2.1767
N_IRVOP,2T063,0.0807
N_IRVOP,9S333,0.0807
N_AOI,2S578,2.7673
N_ACIDE,2T047,0.5248
N_ACIDM,2T047,0.197
N_ACIDE,U0137,0.3551
N_ACIDM,U0137,0.197
N_PLSTH3,T1029,2.8435
N_ACIDM,9S078,0.3419
N_ACIDP,9S078,0.3419
N_ACIDD,T1045,0.488
N_ACIDM,T1045,0.3419
N_ACIDP,T1045,0.3419
N_ACIDD,U0232,0.488
N_ACIDM,U0232,0.3419
N_ACIDP,U0232,0.3419
N_COAT,1S134,1.1632
N_COAT,2S161,1.1632
N_COAT,2T085,0.3745
N_COAT,4S111,1.1632
N_COAT,5S086,1.1632
N_COAT,9S071,0.3734
N_RTP,NA,3.5059
N_RTP,T1056,3.5059
N_RTP,U0240,3.5059
N_RTP,7S288,3.3074
N_RTP,8S302,3.4892
N_IRVOP,7S298,0.4604
N_IRVOP,8S312,0.4604
N_RTP,1S917,3.6334
N_RTP,1S968,3.6334
N_RTP,2S493,3.6334
N_PVETCH,9S351,0.9343
N_SNETCH,9S351,0.9343
N_NOV,2S479,2.6149
N_NOV,2S485,2.4909
N_NOV,2T371,2.7609
N_NOV,5S485,2.6149
N_NOV,7S371,2.9
N_NOV,8S384,2.4801
N_NOV,9S457,2.05
N_NOV,HPASS,2.6149
N_NOV,KPASS,2.6149
N_NOV,T1094,2.6149
N_NOV,T1166,2.6149
N_NOV,U0210,2.5748
N_NOV,U0295,2.6149
N_ACIDD,1S174,0.4667
N_ACIDE,1S174,0.716
N_ACIDM,1S174,0.6709
N_ACIDD,2S201,0.4667
N_ACIDP,2S201,0.3062
N_ACIDD,2T172,0.4667
N_ACIDP,2T172,0.3062
N_ACIDD,4S152,0.4667
N_IMPLNT,U0127,0.7805
N_MATAS,2T113,1.4745
N_MATAS,9S096,1.5925
N_MATAS,U0391,1.4745
N_IVS,2T104,0.133
N_IVS,4S060,0.133
N_IVS,5S048,0.1965
N_IVS,7S046,0.1043
N_IVS,8S058,0.1199
N_IVS,9S087,0.133
N_IVS,T1062,0.133
N_IVS,U0192,0.133
N_ACIDD,1S093,0.4038
N_ACIDP,1S093,0.4038
N_ACIDD,2T100,0.4785
N_ACIDP,2T100,0.4785
N_ACIDD,4S056,0.4038
N_ACIDP,4S056,0.4038
N_ACIDP,5S044,0.4433
N_ACIDD,7S042,0.4957
N_ACIDP,7S042,0.4957
N_ACIDD,8S054,0.6398
N_ACIDP,8S054,0.6398
N_PLSTH3,1S927,4.4834
N_PLSTH3,2T045,4.4834
N_PLSTH3,4S437,4.4834
N_PLSTH3,5S354,3.5713
N_PLSTH3,7S248,3.45
N_PLSTH3,8S276,1.9667
N_PLSTH3,9S305,3.65
N_PLSTH3,U0101,4.7434
N_PLSTH3,2T043,0.9339
N_SNETCH,2T043,0.9339
N_SNETCH,U0135,2.5334
N_IVS,1S083,0.0681
N_SEM,1S083,0.0681
N_IVS,2T040,0.0681
N_SEM,2T040,0.0681
N_IVS,4S045,0.0681
N_SEM,4S045,0.0681
N_SEM,5S033,0.0681
N_SEM,7S019,0.0681
N_IVS,8S030,0.0681
N_SEM,8S030,0.0681
N_IVS,9S030,0.0681
N_SEM,9S030,0.0681
N_RTP,2T295,3.4894
N_RTP,4S470,3.6334
N_RTP,5S395,3.6334
N_RTP,9S398,3.6334
N_IRVOP,1S979,0.4604
N_IRVOP,2S503,0.4604
N_IRVOP,2T296,0.4604
N_IRVOP,4S481,0.4604
N_IRVOP,5S405,0.4604
N_IRVOP,9S400,0.4604
N_IRVOP,T1057,0.4604
N_IRVOP,U0241,0.4604
N_AOI,2S580,1.6079
N_COAT,7S028,1.2675
N_COAT,8S040,1.1416
N_COAT,T1036,1.2846
N_COAT,U0225,1.2846
N_TENCO,1S140,0.058
N_TENCO,2S167,0.058
N_TENCO,4S117,0.058
N_TENCO,5S092,0.058
N_TENCO,7S034,0.058
N_TENCO,8S046,0.058
N_TENCO,T1042,0.058
N_ACIDP,4S152,0.3062
N_ACIDD,5S127,0.4667
N_ACIDE,5S127,0.716
N_ACIDM,5S127,0.71
N_ACIDD,7S103,0.4667
N_ACIDE,7S103,0.716
N_ACIDM,7S103,1.1125
N_ACIDD,8S116,0.4667
N_ACIDP,8S116,0.3062
N_ACIDD,9S165,0.4667
N_ACIDP,9S165,0.2274
N_ACIDD,T1145,0.4667
N_ACIDE,T1145,0.716
N_ACIDM,T1145,0.6709
N_ACIDD,U0274,0.4667
N_ACIDE,U0274,0.716
N_ACIDM,U0274,0.6709
N_IRVOP,1S986,0.4604
N_IRVOP,2S509,0.4604
N_IRVOP,4S488,0.4604
N_IRVOP,5S411,0.4604
N_IRVOP,8S313,0.4604
N_ACIDD,9S083,0.4038
N_ACIDP,9S083,0.4038
N_ACIDD,T1058,0.4038
N_ACIDP,T1058,0.4038
N_ACIDD,U0188,0.4038
N_ACIDP,U0188,0.4038
N_COAT,1S094,0.4063
N_COAT,2T101,0.4078
N_COAT,4S057,0.4063
N_COAT,5S045,0.4074
N_COAT,7S043,0.4062
N_COAT,8S055,0.3873
N_COAT,9S084,0.407
N_COAT,NA,0.4063
N_COAT,T1059,0.4063
N_COAT,U0189,0.4063
N_MATAS,1S103,3.288
N_MATAS,2T110,3.288
N_MATAS,4S066,3.288
N_MATAS,5S054,3.5176
N_MATAS,7S051,3.2659
N_MATAS,8S063,3.4444
N_MATAS,9S094,3.2234
N_IVS,U0106,0.0681
N_SEM,U0106,0.0681
N_IRVOP,1S085,0.0846
N_IRVOP,2T042,0.0846
N_IRVOP,4S047,0.0846
N_IRVOP,5S035,0.0846
N_IRVOP,7S021,0.0846
N_IRVOP,8S032,0.0846
N_IRVOP,9S032,0.0846
N_IRVOP,U0181,0.0846
N_IVS,1S090,0.0652
N_SEM,1S090,0.0652
N_IVS,2T052,0.0652
N_SEM,2T052,0.0652
N_IVS,4S053,0.0652
N_SEM,4S053,0.0652
N_SEM,5S041,0.0652
N_IVS,7S026,0.0652
N_SEM,7S026,0.0652
N_IVS,8S038,0.0652
N_SEM,8S038,0.0652
N_IVS,9S038,0.0652
N_SEM,9S038,0.0652
N_IVS,U0107,0.0652
N_TENCO,U0230,0.058
N_TAPE,1S919,0.946
N_TAPE,2S449,0.946
N_TAPE,2T094,0.9795
N_TAPE,4S433,0.946
N_TAPE,5S350,0.9401
N_TAPE,7S242,0.5789
N_TAPE,8S270,0.8906
N_TAPE,9S298,0.946
N_TAPE,T1049,0.946
N_TAPE,U0236,0.946
N_IVS,2S071,0.1216
N_SEM,2S071,0.3463
N_SEM,4S021,0.3463
N_IVS,8S007,0.1216
N_SEM,8S007,0.3463
N_IRVOP,2S073,0.4604
N_IRVOP,4S023,0.4604
N_IRVOP,8S008,0.4604
N_IVS,2S078,0.1216
N_SEM,2S078,0.3463
N_SEM,4S332,0.3463
N_IVS,8S013,0.1216
N_NAN02,2S480,0.5463
N_NAN02,2S486,0.4694
N_NAN02,T1095,0.5463
N_NAN02,T1167,0.5463
N_NAN02,U0211,0.5463
N_NAN02,U0296,0.4508
N_ACIDD,1S121,0.5834
N_ACIDP,1S121,0.5834
N_ACIDP,2S134,0.5834
N_ACIDD,4S084,0.5834
N_ACIDP,4S084,0.5834
N_ACIDP,5S072,0.6328
N_ACIDD,7S068,0.7397
N_ACIDP,7S068,0.7397
N_ACIDD,8S080,0.5834
N_ACIDP,8S080,0.5834
N_ACIDD,9S128,0.5834
N_ACIDP,9S128,0.5834
N_ACIDD,T1093,0.5834
N_ACIDP,T1093,0.5834
N_NOV,2S477,2.0998
N_NOV,2T362,2.2331
N_NOV,HPROT,2.1898
N_MATAS,T1067,3.288
N_MATAS,U0194,3.288
N_MATAS,1S303,2.4121
N_MATAS,4S557,2.4121
N_MATAS,5S473,2.6117
N_MATAS,7S356,2.4121
N_MATAS,8S371,2.9521
N_IRVOP,1S009,0.4604
N_IRVOP,2T112,0.4604
N_IRVOP,4S498,0.4604
N_IRVOP,5S424,0.4604
N_IRVOP,7S309,0.4604
N_IRVOP,8S324,0.4604
N_IRVOP,9S366,0.4604
N_IRVOP,T1069,0.4604
N_IRVOP,U0196,0.4604
N_LIFT,2T111,1.1963
N_LIFT,9S342,1.6359
N_LIFT,T1347,1.1963
N_LIFT,U0195,1.1963
N_AOI,2S576,2.3514
N_EXT,2T109,0.6617
N_ACIDE,1S087,0.5284
N_ACIDM,1S087,0.5284
N_ACIDE,2T046,0.4132
N_ACIDM,2T046,0.4132
N_ACIDE,4S049,0.5284
N_ACIDM,4S049,0.5284
N_ACIDE,5S037,1.113
N_ACIDE,7S023,0.5284
N_ACIDM,7S023,0.5284
N_ACIDE,8S034,0.5284
N_ACIDM,8S034,0.5284
N_ACIDE,9S034,0.5284
N_ACIDM,9S034,0.5284
N_ACIDE,U0182,0.5284
N_ACIDM,U0182,0.5284
N_TENCO,1S089,0.0601
N_TENCO,2T051,0.0601
N_TENCO,4S052,0.0601
N_TENCO,5S040,0.0601
N_TENCO,7S025,0.0601
N_TENCO,8S037,0.0601
N_SEM,U0107,0.0652
N_SEM,8S013,0.3463
N_TENCO,2S077,0.058
N_TENCO,4S334,0.058
N_TENCO,8S012,0.058
N_MATAS,2S074,1.0834
N_MATAS,4S024,1.0834
N_MATAS,8S009,1.1334
N_COAT,2S070,0.441
N_DEVLP,2S070,0.441
N_DEVLP,4S020,0.441
N_COAT,8S006,0.4239
N_DEVLP,8S006,0.4239
N_CAN,2S069,0.6999
N_CAN,4S019,0.6999
N_CAN,8S005,0.6999
N_LIFT,2S461,2.3334
N_MATAS,2S461,2.3334
N_MATAS,4S446,2.2834
N_LIFT,8S281,2.3334
N_MATAS,8S281,2.3334
N_IVS,2S072,0.1216
N_IVS,4S022,0.1216
N_NOV,U0186,2.2165
N_ACIDD,1S091,0.6313
N_ACIDP,1S091,0.5986
N_ACIDD,2T361,0.6313
N_ACIDP,2T361,0.6523
N_ACIDD,4S054,0.6313
N_ACIDP,4S054,0.5986
N_ACIDD,5S042,0.6313
N_ACIDP,5S042,0.5986
N_ACIDD,7S041,0.6313
N_ACIDP,7S041,0.2949
N_ACIDD,8S053,0.6313
N_ACIDP,8S053,0.5244
N_ACIDD,9S039,0.6313
N_ACIDP,9S039,0.3278
N_ACIDD,U0185,0.6181
N_ACIDP,U0185,0.5983
N_NAN02,2T363,0.3102
N_NAN02,U0162,0.3336
N_NAN02,2S478,0.3976
N_NAN02,U0187,0.3876
N_ACIDD,1S215,0.7207
N_ACIDE,1S215,0.6525
N_IMHOLD,2T109,0.6617
N_IMPLNT,2T109,0.6617
N_EXT,9S405,0.6617
N_IMHOLD,9S405,0.6617
N_IMPLNT,9S405,0.6617
N_DUMMYA,2S535,0.1667
N_DUMMYA,2S564,0.1667
N_DUMMYA,1T104,0.1667
N_AOI,2S597,2.7673
N_AOI,2S598,2.7673
N_AOI,2S599,2.7673
N_IRVOP,2T120,0.104
N_IRVOP,9S103,0.104
N_IRVOP,U0201,0.104
N_AOI,2S291,2.3503
N_PROBE,1S842,9.1169
N_AOI,9S385,2.7673
N_ACIDE,2S501,0.3819
N_ACIDE,4S394,0.3819
N_ACIDM,4S394,0.4355
N_ACIDE,4S479,0.3819
N_ACIDM,4S479,0.4355
N_ACIDE,5S403,0.6961
N_TENCO,9S037,0.0601
N_TENCO,U0184,0.0601
N_COAT,1S082,1.9123
N_DEVLP,1S082,0.5726
N_COAT,2T039,1.9123
N_DEVLP,2T039,0.457
N_COAT,4S044,1.9123
N_DEVLP,4S044,0.5726
N_COAT,5S032,1.9123
N_DEVLP,5S032,0.5726
N_COAT,7S018,1.9123
N_DEVLP,7S018,0.5726
N_COAT,8S029,1.4028
N_DEVLP,8S029,0.4239
N_COAT,9S029,1.9059
N_DEVLP,9S029,0.4239
N_DEVLP,U0124,0.5726
N_CAN,1S081,0.9108
N_CAN,2T038,0.9668
N_CAN,4S043,0.9108
N_CAN,5S031,1.021
N_CAN,7S017,0.9334
N_CAN,8S028,1.2025
N_CAN,9S028,1.248
N_ACIDD,2S067,0.5151
N_ACIDP,2S067,0.4039
N_ACIDP,4S017,0.4039
N_ACIDD,8S003,0.5151
N_ACIDP,8S003,0.4039
N_COAT,2S068,0.3822
N_COAT,4S018,0.3822
N_IRVOP,2S474,0.4604
N_IRVOP,4S464,0.4604
N_IRVOP,8S294,0.4604
N_COAT,8S004,0.3539
N_ACIDE,2S075,0.9771
N_ACIDE,4S025,0.9771
N_ACIDE,8S010,0.9771
N_DUMMYS,1S286,0.1667
N_IVS,2T071,0.1216
N_SEM,2T071,0.3463
N_IVS,9S059,0.1216
N_SEM,9S059,0.3463
N_IRVOP,2T073,0.4604
N_IRVOP,9S061,0.4604
N_ACIDM,1S215,0.7207
N_ACIDD,2S242,0.7207
N_ACIDE,2S242,0.6525
N_ACIDM,2S242,0.7207
N_ACIDD,2T251,0.5607
N_ACIDE,2T251,0.6525
N_ACIDM,2T251,0.5607
N_ACIDD,4S221,0.7207
N_ACIDE,4S221,0.6525
N_ACIDM,4S221,0.7207
N_ACIDD,5S196,0.6467
N_ACIDE,5S196,0.6525
N_ACIDM,5S196,0.6467
N_ACIDD,7S167,0.5834
N_ACIDE,7S167,0.6525
N_ACIDM,7S167,0.5834
N_ACIDD,8S180,0.6772
N_ACIDE,8S180,0.6525
N_ACIDM,8S180,0.6772
N_ACIDD,9S228,0.6344
N_ACIDE,9S228,0.6525
N_ACIDM,9S228,0.6344
N_ACIDD,T1235,0.7207
N_ACIDE,7S293,0.4054
N_ACIDM,7S293,0.4355
N_ACIDE,8S307,0.3535
N_ACIDM,8S307,0.4355
N_ACIDE,T1081,0.3819
N_ACIDM,T1081,0.4355
N_ACIDE,U0172,0.3819
N_ACIDM,U0172,0.4355
N_ACIDE,2T028,0.2735
N_ACIDE,9S345,0.2735
N_ACIDM,9S345,0.2735
N_IRVOP,1S988,0.0826
N_IRVOP,2S511,0.0826
N_IRVOP,4S490,0.0826
N_IRVOP,5S413,0.0826
N_IRVOP,7S303,0.0826
N_IRVOP,8S317,0.0826
N_IRVOP,T1082,0.0826
N_IRVOP,U0173,0.0826
N_PLSTH3,2S127,3.3679
N_PLSTH3,2T027,3.0
N_PLSTH3,4S077,3.3679
N_PLSTH3,5S065,3.3679
N_CAN,U0179,0.9108
N_MATAS,1S329,1.2575
N_MATAS,2T050,1.2372
N_MATAS,4S051,1.2575
N_MATAS,5S503,1.4152
N_MATAS,7S370,1.25
N_MATAS,8S036,1.3505
N_MATAS,9S036,1.2667
N_MATAS,U0126,1.2575
N_IRVOP,2T044,0.0722
N_IRVOP,U0136,0.0722
N_IVS,1S084,0.1146
N_IVS,2T041,0.1317
N_IVS,4S046,0.1146
N_IVS,5S034,0.1194
N_IVS,7S020,0.1704
N_IVS,8S031,0.1767
N_IVS,9S031,0.1084
N_IVS,U0180,0.1146
N_MATAS,2T387,1.6193
N_MATAS,U0140,1.5107
N_ACIDD,1S079,0.3326
N_ACIDP,1S079,0.3326
N_ACIDD,4S041,0.3326
N_IVS,2T083,0.1216
N_SEM,2T083,0.3463
N_IVS,9S069,0.1216
N_SEM,9S069,0.3463
N_ACIDE,2T077,0.641
N_ACIDM,2T077,0.641
N_ACIDE,9S334,0.641
N_ACIDM,9S334,0.641
N_MATAS,2T074,1.1834
N_MATAS,2T082,1.2977
N_MATAS,9S062,1.4908
N_MATAS,9S068,1.2977
N_DEVLP,2T070,0.8105
N_DEVLP,9S058,0.7936
N_CAN,2T069,0.9601
N_CAN,9S057,0.9842
N_PLSTH3,2T076,2.8592
N_PLSTH3,9S064,3.3563
N_IVS,2T072,0.1086
N_IVS,9S060,0.1086
N_ACIDD,2T067,0.152
N_ACIDP,2T067,0.152
N_ACIDD,9S055,0.0906
N_ACIDE,T1235,0.6525
N_ACIDM,T1235,0.7207
N_ACIDD,T1292,0.7207
N_ACIDE,T1292,0.6525
N_ACIDM,T1292,0.7207
N_ACIDD,U0359,0.7207
N_ACIDE,U0359,0.6525
N_ACIDM,U0359,0.7207
N_NOV,2S483,4.0857
N_NOV,2T346,4.6603
N_NOV,T1236,4.1026
N_NOV,T1293,4.1026
N_NOV,U0360,4.1026
N_NAN02,2S484,0.7816
N_NAN02,2T347,0.4027
N_NAN02,NA,0.5838
N_NAN02,T1237,0.5838
N_NAN02,T1294,0.5838
N_NAN02,U0361,0.5838
N_EAGLE,5S393,0.1667
N_IVS,1S060,0.1216
N_SEM,1S060,0.3463
N_PLSTH3,7S061,2.9089
N_PLSTH3,8S073,3.3381
N_PLSTH3,9S121,2.9752
N_PLSTH3,T1080,3.3679
N_PLSTH3,U0171,3.3679
N_SNETCH,2S041,1.6914
N_SNETCH,2T025,0.9337
N_PLSTH3,4S322,1.6914
N_SNETCH,4S322,1.6914
N_PLSTH3,4S541,1.6914
N_SNETCH,4S541,1.6914
N_PLSTH3,7S333,1.5667
N_SNETCH,7S333,1.5667
N_PLSTH3,8S348,0.9675
N_SNETCH,8S348,0.9675
N_SNETCH,S5861,1.6914
N_PLSTH3,T1078,1.6914
N_SNETCH,T1078,1.6914
N_PLSTH3,U0169,1.6914
N_SNETCH,U0169,1.6914
N_PLSTH3,9S344,2.8435
N_SNETCH,9S344,2.6167
N_ACIDP,4S041,0.3326
N_ACIDP,5S029,0.2316
N_ACIDP,7S015,0.3326
N_ACIDD,8S026,0.7827
N_ACIDP,8S026,0.7827
N_ACIDD,9S026,0.3326
N_ACIDP,9S026,0.3326
N_COAT,1S080,0.373
N_COAT,2T037,0.373
N_COAT,4S042,0.373
N_COAT,5S030,0.3744
N_COAT,9S027,0.3374
N_LIFT,1S326,1.9277
N_MATAS,1S326,1.9277
N_MATAS,2S463,1.9277
N_LIFT,2T048,1.9834
N_MATAS,2T048,1.9834
N_LIFT,4S449,1.9277
N_MATAS,4S449,1.9277
N_LIFT,5S500,1.95
N_LIFT,7S368,1.5502
N_MATAS,7S368,1.5502
N_ACIDP,9S055,0.0906
N_ACIDE,2T079,0.4546
N_ACIDE,9S066,0.4205
N_COAT,2T068,0.3763
N_COAT,9S056,0.3763
N_LIFT,2T080,0.9638
N_LIFT,9S336,0.9638
N_IRVOP,2T081,0.4604
N_IRVOP,9S337,0.4604
N_AOI,2S581,2.7673
N_ACIDE,2T349,0.83
N_ACIDE,9S449,0.9918
N_ACIDE,2T350,1.0979
N_ACIDE,9S450,1.0979
N_AOI,2S568,2.7673
N_ACIDD,NH4OH,0.1924
N_ACIDP,NH4OH,0.1924
N_PLSTH3,4S092,2.5667
N_SNETCH,4S092,2.5667
N_PLSTH3,5S080,0.9882
N_SNETCH,5S080,0.9882
N_PLSTH3,7S087,0.9387
N_SEM,4S010,0.3463
N_SEM,5S010,0.3463
N_IVS,9S007,0.1216
N_SEM,9S007,0.3463
N_IRVOP,1S061,0.4604
N_IRVOP,4S011,0.4604
N_IRVOP,9S008,0.4604
N_IVS,1S066,0.1216
N_SEM,1S066,0.3463
N_SEM,4S016,0.3463
N_SEM,5S016,0.3463
N_IVS,9S013,0.1216
N_SEM,9S013,0.3463
N_DEVLP,1S868,0.5775
N_DEVLP,4S381,0.5774
N_DEVLP,5S311,0.5643
N_DEVLP,9S006,0.5774
N_CAN,1S057,0.6482
N_CAN,4S007,0.6482
N_CAN,5S007,1.3533
N_CAN,9S005,0.6482
N_ACIDP,1S055,0.2189
N_ACIDP,4S005,0.2189
N_SEM,2S123,0.3237
N_SEM,2T372,0.3585
N_IVS,4S073,0.3237
N_SEM,4S073,0.3237
N_SEM,5S061,0.3237
N_IVS,7S057,0.3237
N_SEM,7S057,0.3237
N_IVS,8S069,0.3237
N_SEM,8S069,0.3237
N_IVS,9S117,0.3237
N_SEM,9S117,0.3237
N_IVS,T1074,0.3237
N_SEM,T1074,0.3237
N_IVS,U0109,0.3237
N_SEM,U0109,0.3237
N_IRVOP,2S125,0.1216
N_IRVOP,2T024,0.1216
N_IRVOP,4S075,0.1216
N_IRVOP,5S063,0.1216
N_IRVOP,7S059,0.1216
N_IRVOP,8S071,0.1184
N_IRVOP,9S119,0.1216
N_IRVOP,S9030,0.1216
N_IRVOP,T1076,0.1216
N_LIFT,8S283,0.7742
N_MATAS,8S283,0.7742
N_LIFT,9S338,1.8835
N_MATAS,9S338,1.8835
N_LIFT,U0125,1.9277
N_MATAS,U0125,1.9277
N_IRVOP,1S328,0.4604
N_IRVOP,2T049,0.4604
N_IRVOP,4S465,0.4604
N_IRVOP,5S502,0.4604
N_IRVOP,7S369,0.4604
N_IRVOP,8S295,0.4604
N_IRVOP,9S394,0.4604
N_IRVOP,U0183,0.4604
N_AOI,2S579,1.8706
N_COAT,7S016,0.3375
N_COAT,8S027,0.354
N_COAT,U0123,0.3701
N_DUMMY,1S273,0.3355
N_HOTPLT,1S311,2.2851
N_WAXMNT,1S313,3.8375
N_SEM,1S137,0.3463
