prd,route,step,qty,seq_num,process,mode_est_machine_recipe
63635-J1NS,N_6HBT4-PA_1+N_6CUTE-T1-NOSTREET+N_6P07_TWV-ETC+N_6FPOUTS-NS>N_PC,"004.000,N_6P07_TWV-ETC:001.000=1S567",20,284.0,FP EM RESISTANCE,1S567
ZG007-J1NS,N_6HBT5_1+N_6CUTE-NOSTREET+N_6P07_TWV-ETC+N_6FPOUTS-NS>N_PC,"002.000,N_6HBT5_1:151.000=5S122",10,149.0,M1 PRE CLEAN,U0265
ZR044-J1NS,N_6BIHEMT5-M3-MC_1+N_6CUTE-M3-NOSTREET+N_6P07_TWV-ETC+N_6FPOUTS-NS>N_PC,"002.000,N_6BIHEMT5-M3-MC:327.000=9S397",11,27.01,EM DEVELOP,9S017
UT003-Y1-95M3NS,N_6HBT8-M3-MC+N_6CUTE-95M3+N_6P07_TWV_NO_PROBE+N_6FPOUTS-NS>N_PC,"003.000,N_6CUTE-95M3:029.000=1S984",10,401.0,MB PRE CU METAL INSPECTION,1S984
UT075-Y1-M3-FCNS,N_6HBT8-M3-MC-FC+N_6P07_FC_NO_PROBE+N_6FPOUTS-FC-NS>N_PC,"002.000,N_6HBT8-M3-MC-FC:087.000=U0197",20,106.0,GL PHOTO SURFACE CLEAN,U0197
UT075-Y1-M3-FCNS,N_6HBT8-M3-MC-FC+N_6P07_FC_NO_PROBE+N_6FPOUTS-FC-NS>N_PC,"002.000,N_6HBT8-M3-MC-FC:087.000=U0197",10,106.0,GL PHOTO SURFACE CLEAN,U0197
ZT001-J1NS,N_6HBT8-M3-MC+N_6CUTE-M3-NOSTREET+N_6P07_TWV-ETC+N_6FPOUTS-NS>N_PC,"002.000,N_6HBT8-M3-MC:165.000=U0259",20,202.0,M1 RESIST COAT,U0259
ZT001-J1NS,N_6HBT8-M3-MC+N_6CUTE-M3-NOSTREET+N_6P07_TWV-ETC+N_6FPOUTS-NS>N_PC,"002.000,N_6HBT8-M3-MC:274.000=U0359",6,342.0,DL TOPCOAT CLEAN,U0359
ZT001-J1NS,N_6HBT8-M3-MC+N_6CUTE-M3-NOSTREET+N_6P07_TWV-ETC+N_6FPOUTS-NS>N_PC,"004.000,N_6P07_TWV-ETC:010.500=1S966",6,445.0,HOLD LOT TYPE,1S966
ZT001-J1NS,N_6HBT8-M3-MC+N_6CUTE-M3-NOSTREET+N_6P07_TWV-ETC+N_6FPOUTS-NS>N_PC,"004.000,N_6P07_TWV-ETC:010.500=1S966",5,445.0,HOLD LOT TYPE,1S966
ZT001-J1NS,N_6HBT8-M3-MC+N_6CUTE-M3-NOSTREET+N_6P07_TWV-ETC+N_6FPOUTS-NS>N_PC,"004.000,N_6P07_TWV-ETC:010.500=1S966",6,445.0,HOLD LOT TYPE,1S966
ZT001-J1NS,N_6HBT8-M3-MC+N_6CUTE-M3-NOSTREET+N_6P07_TWV-ETC+N_6FPOUTS-NS>N_PC,"004.000,N_6P07_TWV-ETC:006.000,N_6YIELD_DISP:005.000=1S276",11,439.0,YIELD DISPOSITION,1S276
UT047-Y1-M3-FCNS,N_6HBT8-M3-MC-FC+N_6P07_FC_NO_PROBE+N_6FPOUTS-FC-NS>N_PC,"002.000,N_6HBT8-M3-MC-FC:087.000=U0197",20,106.0,GL PHOTO SURFACE CLEAN,U0197
ZT019-Y1NS,N_6HBT8-M3-MC-FC+N_6P07_FC_NO_PROBE+N_6FPOUTS-FC-NS>N_PC,"003.000,N_6P07_FC_NO_PROBE:001.000,N_6PROBE-FC:002.000=1S551",18,361.0,FP FUNCTIONAL PROBE,1S551
ZT019-Y1NS,N_6HBT8-M3-MC-FC+N_6P07_FC_NO_PROBE+N_6FPOUTS-FC-NS>N_PC,"002.000,N_6HBT8-M3-MC-FC:241.000=U0327",20,290.0,V2 PHOTO SURFACE CLEAN SHORT,U0327
ZT019-Y1NS,N_6HBT8-M3-MC-FC+N_6P07_FC_NO_PROBE+N_6FPOUTS-FC-NS>N_PC,"002.000,N_6HBT8-M3-MC-FC:241.000=U0327",20,290.0,V2 PHOTO SURFACE CLEAN SHORT,U0327
UT025-Y2-M3-FCNS,N_6HBT8-M3-MC-FC+N_6P07_FC_NO_PROBE+N_6FPOUTS-FC-NS>N_PC,"002.000,N_6HBT8-M3-MC-FC:209.000=U0299",20,254.0,V1 RESIST COAT,U0299
ZM059-J1NS,N_6HBT6-MC+N_6CUTE-NOSTREET+N_6P07_TWV-ETC+N_6FPOUTS-NS>N_PC,"002.000,N_6HBT6-MC:215.000=7S173",10,219.0,SP ETCH,U0366
UT077-Y1-M3-FCNS,N_6HBT8-M3-MC-FC+N_6P07_FC_NO_PROBE+N_6FPOUTS-FC-NS>N_PC,"002.000,N_6HBT8-M3-MC-FC:087.000=U0197",20,106.0,GL PHOTO SURFACE CLEAN,U0197
UN054-Y1-FM3-FCNS,N_6BIHEMT7-P1-M3-MC-FC+N_6P07_FC_NO_PROBE+N_6FPOUTS-FC-NS>N_PC,"002.000,N_6BIHEMT7-P1-M3-MC-FC:108.000=2T084",20,133.0,CC PHOTO SURFACE CLEAN,U0224
ZT028-J1NS,N_6HBT8-M3-MC-FC+N_6P07_FC_NO_PROBE+N_6FPOUTS-FC-NS>N_PC,"003.000,N_6P07_FC_NO_PROBE:006.000=1S897",18,372.0,OUTGOING WAFER INSPECTION,1S671
ZT028-J1NS,N_6HBT8-M3-MC-FC+N_6P07_FC_NO_PROBE+N_6FPOUTS-FC-NS>N_PC,"002.000,N_6HBT8-M3-MC-FC:208.000=PCUR1",20,252.0,V1 POLYIMIDE CURE,PCUR1
ZP033-J2NS,N_6BIFET6-M3-MC-FC+N_6P07_FC_NO_PROBE+N_6FPOUTS-FC-NS>N_PC,"002.000,N_6BIFET6-M3-MC-FC:232.000=8S167",20,233.0,M3 ADHESION,U0341
ZM045-J1NS,N_6HBT6-M3-MC+N_6CUTE-M3-NOSTREET+N_6P07_TWV-ETC+N_6FPOUTS-NS>N_PC,"002.000,N_6HBT6-M3-MC:131.000=7S247",20,129.0,PUT MATRIX TOOL IN STANDBY,7S247
UT063-Y1-M3-FCNS,N_6HBT8-M3-MC-FC+N_6P07_FC_NO_PROBE+N_6FPOUTS-FC-NS>N_PC,"002.000,N_6HBT8-M3-MC-FC:087.000=U0197",20,106.0,GL PHOTO SURFACE CLEAN,U0197
UT065-Y1-M3NS,N_6HBT8-M3-MC+N_6CUTE-M3+N_6P07_TWV_NO_PROBE+N_6FPOUTS-NS>N_PC,"002.000,N_6HBT8-M3-MC:087.000=U0197",20,109.0,GL PHOTO SURFACE CLEAN,U0197
ZH088-K1NS,N_6BIFET5-M3-MC+N_6CUTE-M3-NOSTREET+N_6P07_TWV-ETC+N_6FPOUTS-NS>N_PC,"002.000,N_6BIFET5-M3-MC:048.000=4S463",20,48.0,EM RESIST STRIP INSPECTION,4S463
UT026-Y3-M3-FCNS,N_6HBT8-M3-MC-FC+N_6P07_FC_NO_PROBE+N_6FPOUTS-FC-NS>N_PC,"003.000,N_6P07_FC_NO_PROBE:004.000,N_6INKOUT:002.000=1S270",19,367.0,INKOUT WAFERS,1S270
UT039-Y1-95M3NS,N_6HBT8-M3-MC+N_6CUTE-95M3+N_6P07_TWV-ETC+N_6FPOUTS-NS>N_PC,"004.000,N_6P07_TWV-ETC:002.000,N_6PROBE:001.000=1S551",17,435.0,FP FUNCTIONAL PROBE,1S551
UJ015-Y1-M3-FCNS,N_6HBT7-M3-MC-FC+N_6P07_FC_NO_PROBE+N_6FPOUTS-FC-NS>N_PC,"002.000,N_6HBT7-M3-MC-FC:155.000=T1145",3,156.0,DL HBTMIM PRE CLEAN,T1145
UJ015-Y1-M3-FCNS,N_6HBT7-M3-MC-FC+N_6P07_FC_NO_PROBE+N_6FPOUTS-FC-NS>N_PC,"002.000,N_6HBT7-M3-MC-FC:127.000=T1120",3,128.0,RL DAL NITRIDE ETCH INSPECT,U0251
ZT034-Y1NS,N_6HBT8-M3-MC+N_6CUTE-M3+N_6P07_TWV-ETC+N_6FPOUTS-NS>N_PC,"004.000,N_6P07_TWV-ETC:002.000,N_6PROBE:001.000=1S551",20,435.0,FP FUNCTIONAL PROBE,1S551
ZT034-Y1NS,N_6HBT8-M3-MC+N_6CUTE-M3+N_6P07_TWV-ETC+N_6FPOUTS-NS>N_PC,"002.000,N_6HBT8-M3-MC:087.000=U0197",20,109.0,GL PHOTO SURFACE CLEAN,U0197
ZT034-Y1NS,N_6HBT8-M3-MC+N_6CUTE-M3+N_6P07_TWV-ETC+N_6FPOUTS-NS>N_PC,"002.000,N_6HBT8-M3-MC:087.000=U0197",10,109.0,GL PHOTO SURFACE CLEAN,U0197
UT046-Y1-95M3NS,N_6HBT8-M3-MC+N_6CUTE-95M3+N_6P07_TWV_NO_PROBE+N_6FPOUTS-NS>N_PC,"002.000,N_6HBT8-M3-MC:292.000=U0372",12,370.0,FP RF PARAMETRIC TEST,1S565
UT080-Y1-M3-FCNS,N_6HBT8-M3-MC-FC+N_6P07_FC_NO_PROBE+N_6FPOUTS-FC-NS>N_PC,"002.000,N_6HBT8-M3-MC-FC:199.000=U0290",20,236.0,MC LIFT OFF SSEC - NO TAPE,U0290
ZT019-Y2NS,N_6RHBT8_EM_03,001.200=U0394,10,3.0,EM INCOMING WAFER CLEAN/INSPECT,U0144
ZT019-Y2NS,N_6RHBT8_EM_03,001.200=U0394,5,3.0,EM INCOMING WAFER CLEAN/INSPECT,U0144
ZT019-Y2NS,N_6HBT8-M3-MC-FC+N_6P07_FC_NO_PROBE+N_6FPOUTS-FC-NS>N_PC,"003.000,N_6P07_FC_NO_PROBE:001.000,N_6PROBE-FC:002.000=1S551",20,361.0,FP FUNCTIONAL PROBE,1S551
UT064-Y1-M3-FCNS,N_6HBT8-M3-MC-FC+N_6P07_FC_NO_PROBE+N_6FPOUTS-FC-NS>N_PC,"002.000,N_6HBT8-M3-MC-FC:087.000=U0197",20,106.0,GL PHOTO SURFACE CLEAN,U0197
ZM102-Y1NS,N_6HBT6-MC+N_6CUTE+N_6P07_TWV-ETC+N_6FPOUTS-NS>N_PC,"002.000,N_6HBT6-MC:035.000=7S028",20,35.0,CC SPR955-1.8 COAT,U0225
ZH032-J1NS,N_6BIFET5-M3_1+N_6CUTE-M3-NOSTREET+N_6P07_TWV-ETC+N_6FPOUTS-NS>N_PC,"003.000,N_6CUTE-M3-NOSTREET:024.000=1S048",20,327.0,VA POST-ETCH STRIP,1S048
ZH042-J1NS,N_6BIFET5-M3_1+N_6CUTE-M3-NOSTREET+N_6P07_TWV-ETC+N_6FPOUTS-NS>N_PC,"004.000,N_6P07_TWV-ETC:010.700=2S574",4,377.0,PRE - OUTGOING WAFER INSPECTION,2S574
UH126-Y2-M3NS,N_6HBT6-M3-MC+N_6CUTE-M3+N_6P07_TWV-ETC+N_6FPOUTS-NS>N_PC,"003.000,N_6CUTE-M3:051.000=1S614",10,317.0,MB COPPER PASSIVATION FLASH,1S614
UH126-Y2-M3NS,N_6HBT6-M3-MC+N_6CUTE-M3+N_6P07_TWV-ETC+N_6FPOUTS-NS>N_PC,"002.000,N_6HBT6-M3-MC:027.000=7S248",20,27.0,BP 400A InGaP/4.6K GaAs ETCH w/EP,2T045
64042-J1NS,N_6BIFET4-PA-P2_1+N_6TWV+N_6P07_TWV-ETC+N_6FPOUTS-NS>N_PC,"002.000,N_6BIFET4-PA-P2_1:204.000=2S208",20,201.0,NV AFTER DEVELOP INSPECTION,2S208
94054-J1NS,N_6BIFET5_1+N_6CUTE-NOSTREET+N_6P07_TWV-ETC+N_6FPOUTS-NS>N_PC,"002.000,N_6BIFET5_1:184.000=4S147",20,181.0,M1 PRE CLEAN,U0265
ZT016-J1NS,N_6HBT8-M3-MC+N_6CUTE-95M3+N_6P07_TWV-ETC+N_6FPOUTS-NS>N_PC,"002.000,N_6HBT8-M3-MC:209.000=U0299",20,259.0,V1 RESIST COAT,U0299
UT053-Y1-M3-FCNS,N_6HBT8-M3-MC-FC+N_6P07_FC_NO_PROBE+N_6FPOUTS-FC-NS>N_PC,"002.000,N_6HBT8-M3-MC-FC:087.000=U0197",20,106.0,GL PHOTO SURFACE CLEAN,U0197
ZP044-J1NS,N_6BIFET6-M3-MC+N_6CUTE-95M3-NOSTREET+N_6P07_TWV-ETC+N_6FPOUTS-NS>N_PC,"002.000,N_6BIFET6-M3-MC:253.000,N_6AOI_INSPECT:001.000=2S291",20,311.0,AOI INSPECTION,2S291
ZP044-J1NS,N_6BIFET6-M3-MC+N_6CUTE-95M3-NOSTREET+N_6P07_TWV-ETC+N_6FPOUTS-NS>N_PC,"003.000,N_6CUTE-95M3-NOSTREET:048.000=1S506",20,387.0,FP IPC ASH,1S506
ZP044-J1NS,N_6BIFET6-M3-MC+N_6CUTE-95M3-NOSTREET+N_6P07_TWV-ETC+N_6FPOUTS-NS>N_PC,"003.000,N_6CUTE-95M3-NOSTREET:018.000=1S575",20,356.0,VA POST DEVELOP BAKE,1S575
ZP044-J1NS,N_6BIFET6-M3-MC+N_6CUTE-95M3-NOSTREET+N_6P07_TWV-ETC+N_6FPOUTS-NS>N_PC,"003.000,N_6CUTE-95M3-NOSTREET:044.000=1S807",20,383.0,FP PRE_DEBOND INSPECTION,1S807
ZP044-J1NS,N_6BIFET6-M3-MC+N_6CUTE-95M3-NOSTREET+N_6P07_TWV-ETC+N_6FPOUTS-NS>N_PC,"004.000,N_6P07_TWV-ETC:002.000,N_6PROBE:001.000=1S551",20,390.0,FP FUNCTIONAL PROBE,1S551
ZP044-J1NS,N_6BIFET6-M3-MC+N_6CUTE-95M3-NOSTREET+N_6P07_TWV-ETC+N_6FPOUTS-NS>N_PC,"004.000,N_6P07_TWV-ETC:002.000,N_6PROBE:001.000=1S551",20,390.0,FP FUNCTIONAL PROBE,1S551
ZP044-J1NS,N_6BIFET6-M3-MC+N_6CUTE-95M3-NOSTREET+N_6P07_TWV-ETC+N_6FPOUTS-NS>N_PC,"003.000,N_6CUTE-95M3-NOSTREET:018.000=1S575",20,356.0,VA POST DEVELOP BAKE,1S575
ZP044-J1NS,N_6BIFET6-M3-MC+N_6CUTE-95M3-NOSTREET+N_6P07_TWV-ETC+N_6FPOUTS-NS>N_PC,"002.000,N_6BIFET6-M3-MC:245.000=8S368",20,299.0,M3 LIFT OFF SSEC - TAPE,U0354
ZP044-J1NS,N_6BIFET6-M3-MC+N_6CUTE-95M3-NOSTREET+N_6P07_TWV-ETC+N_6FPOUTS-NS>N_PC,"004.000,N_6P07_TWV-ETC:002.000,N_6PROBE:001.000=1S551",20,390.0,FP FUNCTIONAL PROBE,1S551
ZP044-J1NS,N_6BIFET6-M3-MC+N_6CUTE-95M3-NOSTREET+N_6P07_TWV-ETC+N_6FPOUTS-NS>N_PC,"002.000,N_6BIFET6-M3-MC:141.000=8S108",20,172.0,M1 OVERLAY,U0262
ZP044-J1NS,N_6BIFET6-M3-MC+N_6CUTE-95M3-NOSTREET+N_6P07_TWV-ETC+N_6FPOUTS-NS>N_PC,"003.000,N_6CUTE-95M3-NOSTREET:044.000=1S807",20,383.0,FP PRE_DEBOND INSPECTION,1S807
ZP044-J1NS,N_6BIFET6-M3-MC+N_6CUTE-95M3-NOSTREET+N_6P07_TWV-ETC+N_6FPOUTS-NS>N_PC,"003.000,N_6CUTE-95M3-NOSTREET:023.000=1S950",20,361.0,VA ETCH INSPECTION,1S950
ZP044-J1NS,N_6BIFET6-M3-MC+N_6CUTE-95M3-NOSTREET+N_6P07_TWV-ETC+N_6FPOUTS-NS>N_PC,"003.000,N_6CUTE-95M3-NOSTREET:022.000=1S289",20,360.0,VA 20x40 VIA ICP ETCH,1S668
ZT014-J1NS,N_6HBT8-M3-MC+N_6CUTE-95M3-NOSTREET+N_6P07_TWV-ETC+N_6FPOUTS-NS>N_PC,"003.000,N_6CUTE-95M3-NOSTREET:040.000=1S614",20,412.0,MB COPPER PASSIVATION FLASH,1S614
ZT014-J1NS,N_6HBT8-M3-MC+N_6CUTE-95M3-NOSTREET+N_6P07_TWV-ETC+N_6FPOUTS-NS>N_PC,"002.000,N_6HBT8-M3-MC:002.000=1NN02",20,3.0,LOTS KITTED AND READY FOR SCRIBE,1NN02
ZT014-J1NS,N_6HBT8-M3-MC+N_6CUTE-95M3-NOSTREET+N_6P07_TWV-ETC+N_6FPOUTS-NS>N_PC,"002.000,N_6HBT8-M3-MC:172.000=U0265",20,209.0,M1 PRE CLEAN,U0265
ZT014-J1NS,N_6HBT8-M3-MC+N_6CUTE-95M3-NOSTREET+N_6P07_TWV-ETC+N_6FPOUTS-NS>N_PC,"002.000,N_6HBT8-M3-MC:157.000=U0252",20,190.0,RL PRE METAL CLEAN,U0252
ZT014-J1NS,N_6HBT8-M3-MC+N_6CUTE-95M3-NOSTREET+N_6P07_TWV-ETC+N_6FPOUTS-NS>N_PC,"002.000,N_6HBT8-M3-MC:184.000=U0275",19,221.0,DL 600A HIGH DENSITY MIM NITRIDE,U0275
ZT014-J1NS,N_6HBT8-M3-MC+N_6CUTE-95M3-NOSTREET+N_6P07_TWV-ETC+N_6FPOUTS-NS>N_PC,"002.000,N_6HBT8-M3-MC:172.000=U0265",20,209.0,M1 PRE CLEAN,U0265
ZT014-J1NS,N_6HBT8-M3-MC+N_6CUTE-95M3-NOSTREET+N_6P07_TWV-ETC+N_6FPOUTS-NS>N_PC,"002.000,N_6HBT8-M3-MC:231.000=U0318",20,285.0,M2 SURFACE CLEAN,U0318
ZT014-J1NS,N_6HBT8-M3-MC+N_6CUTE-95M3-NOSTREET+N_6P07_TWV-ETC+N_6FPOUTS-NS>N_PC,"002.000,N_6HBT8-M3-MC:236.000=U0323",20,290.0,M2 LIFT OFF SSEC - TAPE,U0323
ZT014-J1NS,N_6HBT8-M3-MC+N_6CUTE-95M3-NOSTREET+N_6P07_TWV-ETC+N_6FPOUTS-NS>N_PC,"002.000,N_6HBT8-M3-MC:157.000=U0252",20,190.0,RL PRE METAL CLEAN,U0252
ZT014-J1NS,N_6HBT8-M3-MC+N_6CUTE-95M3-NOSTREET+N_6P07_TWV-ETC+N_6FPOUTS-NS>N_PC,"002.000,N_6HBT8-M3-MC:157.000=U0252",20,190.0,RL PRE METAL CLEAN,U0252
ZT014-J1NS,N_6HBT8-M3-MC+N_6CUTE-95M3-NOSTREET+N_6P07_TWV-ETC+N_6FPOUTS-NS>N_PC,"004.000,N_6P07_TWV-ETC:011.000=1S671",19,447.0,OUTGOING WAFER INSPECTION,1S671
UG066-Y1-BM3NS,N_6BIFET6-M3-MC+N_6CUTE-M3+N_6P07_TWV-ETC+N_6FPOUTS-NS>N_PC,"002.000,N_6BIFET6-M3-MC:080.000=8S065",20,96.0,BC PHOTO SURFACE CLEAN,7S053
UT019-Y6-M3-FCNS,N_6HBT8-M3-MC-FC+N_6P07_FC_NO_PROBE+N_6FPOUTS-FC-NS>N_PC,"002.000,N_6HBT8-M3-MC-FC:241.000=U0327",20,290.0,V2 PHOTO SURFACE CLEAN SHORT,U0327
ZT018-J1NS,N_6HBT8-M3-MC-FC+N_6P07_FC_NO_PROBE+N_6FPOUTS-FC-NS>N_PC,"002.000,N_6HBT8-M3-MC-FC:023.000=U0122",20,23.0,EM 1K InGaAs/1.2K GaAs ETCH,U0122
UT034-Y4-M3-FCNS,N_6HBT8-M3-MC-FC+N_6P07_FC_NO_PROBE+N_6FPOUTS-FC-NS>N_PC,"002.000,N_6HBT8-M3-MC-FC:241.000=U0327",19,290.0,V2 PHOTO SURFACE CLEAN SHORT,U0327
UT034-Y4-M3-FCNS,N_6HBT8-M3-MC-FC+N_6P07_FC_NO_PROBE+N_6FPOUTS-FC-NS>N_PC,"003.000,N_6P07_FC_NO_PROBE:006.000=1S897",16,372.0,OUTGOING WAFER INSPECTION,1S671
ZN032-K1NS,N_6BIHEMT7-P1-M3-MC+N_6CUTE-M3-NOSTREET+N_6P07_TWV-ETC+N_6FPOUTS-NS>N_PC,"004.000,N_6P07_TWV-ETC:006.000,N_6YIELD_DISP:005.000=1S276",20,479.0,YIELD DISPOSITION,1S276
ZN032-K1NS,N_6RBIHEMT7_RL_08,004.000=2T143,10,4.0,RL PHOTO SURFACE CLEAN,U0243
ZT003-J1NS,N_6RAOI_THIN_INSPECT,002.000=1S276,20,2.0,YIELD DISPOSITION,1S276
ZT003-J1NS,N_6HBT8-M3-MC+N_6CUTE-M3-NOSTREET+N_6P07_TWV-ETC+N_6FPOUTS-NS>N_PC,"004.000,N_6P07_TWV-ETC:002.000,N_6PROBE:001.000=1S551",20,424.0,FP FUNCTIONAL PROBE,1S551
ZT003-J1NS,N_6HBT8-M3-MC+N_6CUTE-M3-NOSTREET+N_6P07_TWV-ETC+N_6FPOUTS-NS>N_PC,"004.000,N_6P07_TWV-ETC:006.000,N_6YIELD_DISP:005.000=1S276",19,439.0,YIELD DISPOSITION,1S276
ZT003-J1NS,N_6HBT8-M3-MC+N_6CUTE-M3-NOSTREET+N_6P07_TWV-ETC+N_6FPOUTS-NS>N_PC,"004.000,N_6P07_TWV-ETC:010.500=1S966",20,445.0,HOLD LOT TYPE,1S966
ZT003-J1NS,N_6HBT8-M3-MC+N_6CUTE-M3-NOSTREET+N_6P07_TWV-ETC+N_6FPOUTS-NS>N_PC,"004.000,N_6P07_TWV-ETC:011.000=1S671",20,447.0,OUTGOING WAFER INSPECTION,1S671
ZT003-J1NS,N_6HBT8-M3-MC+N_6CUTE-M3-NOSTREET+N_6P07_TWV-ETC+N_6FPOUTS-NS>N_PC,"004.000,N_6P07_TWV-ETC:010.700=2S574",5,446.0,PRE - OUTGOING WAFER INSPECTION,2S574
ZT003-J1NS,N_6RFPO_RWK,001.000=1T105,2,1.0,Lot Engineering to Provide Disposition,1T105
ZT003-J1NS,N_6HBT8-M3-MC+N_6CUTE-M3-NOSTREET+N_6P07_TWV-ETC+N_6FPOUTS-NS>N_PC,"002.000,N_6HBT8-M3-MC:088.000=U0141",20,110.0,GL RESIST COAT,U0141
ZT003-J1NS,N_6HBT8-M3-MC+N_6CUTE-M3-NOSTREET+N_6P07_TWV-ETC+N_6FPOUTS-NS>N_PC,"002.000,N_6HBT8-M3-MC:157.000=U0252",20,190.0,RL PRE METAL CLEAN,U0252
ZT003-J1NS,N_6HBT8-M3-MC+N_6CUTE-M3-NOSTREET+N_6P07_TWV-ETC+N_6FPOUTS-NS>N_PC,"004.000,N_6P07_TWV-ETC:004.000,N_6PROBE_ENGREVIEW:002.000,N_6PROBE-BINCHECK:008.000=1S823",19,435.0,FP RUN SCRIPT TO CHECK BIN LIMITS,1S823
ZT003-J1NS,N_6HBT8-M3-MC+N_6CUTE-M3-NOSTREET+N_6P07_TWV-ETC+N_6FPOUTS-NS>N_PC,"002.000,N_6HBT8-M3-MC:134.000=U0232",20,165.0,CC PRE OHMIC CLEAN,U0232
ZT003-J1NS,N_6HBT8-M3-MC+N_6CUTE-M3-NOSTREET+N_6P07_TWV-ETC+N_6FPOUTS-NS>N_PC,"002.000,N_6HBT8-M3-MC:073.000=U0186",20,86.0,DL PROTECTION,U0186
ZT003-J1NS,N_6HBT8-M3-MC+N_6CUTE-M3-NOSTREET+N_6P07_TWV-ETC+N_6FPOUTS-NS>N_PC,"003.000,N_6CUTE-M3-NOSTREET:032.000=1S013",19,404.0,MB THIN Au PLATING-NOSTREET,1S013
ZT003-J1NS,N_6HBT8-M3-MC+N_6CUTE-M3-NOSTREET+N_6P07_TWV-ETC+N_6FPOUTS-NS>N_PC,"003.000,N_6CUTE-M3-NOSTREET:044.000=1S807",20,417.0,FP PRE_DEBOND INSPECTION,1S807
ZT003-J1NS,N_6HBT8-M3-MC+N_6CUTE-M3-NOSTREET+N_6P07_TWV-ETC+N_6FPOUTS-NS>N_PC,"002.000,N_6HBT8-M3-MC:134.000=U0232",9,165.0,CC PRE OHMIC CLEAN,U0232
ZT003-J1NS,N_6HBT8-M3-MC+N_6CUTE-M3-NOSTREET+N_6P07_TWV-ETC+N_6FPOUTS-NS>N_PC,"004.000,N_6P07_TWV-ETC:011.000=1S671",20,447.0,OUTGOING WAFER INSPECTION,1S671
ZT003-J1NS,N_6HBT8-M3-MC+N_6CUTE-M3-NOSTREET+N_6P07_TWV-ETC+N_6FPOUTS-NS>N_PC,"002.000,N_6HBT8-M3-MC:274.000=U0359",10,342.0,DL TOPCOAT CLEAN,U0359
ZT003-J1NS,N_6HBT8-M3-MC+N_6CUTE-M3-NOSTREET+N_6P07_TWV-ETC+N_6FPOUTS-NS>N_PC,"002.000,N_6HBT8-M3-MC:002.000=1NN02",20,3.0,LOTS KITTED AND READY FOR SCRIBE,1NN02
ZT003-J1NS,N_6HBT8-M3-MC+N_6CUTE-M3-NOSTREET+N_6P07_TWV-ETC+N_6FPOUTS-NS>N_PC,"002.000,N_6HBT8-M3-MC:071.000=U0107",20,84.0,BP ASM,U0107
ZT003-J1NS,N_6HBT8-M3-MC+N_6CUTE-M3-NOSTREET+N_6P07_TWV-ETC+N_6FPOUTS-NS>N_PC,"002.000,N_6HBT8-M3-MC:002.000=1NN02",20,3.0,LOTS KITTED AND READY FOR SCRIBE,1NN02
ZT003-J1NS,N_6HBT8-M3-MC+N_6CUTE-M3-NOSTREET+N_6P07_TWV-ETC+N_6FPOUTS-NS>N_PC,"002.000,N_6HBT8-M3-MC:078.000=U0191",20,95.0,AA DEVELOP,U0191
ZT003-J1NS,N_6HBT8-M3-MC+N_6CUTE-M3-NOSTREET+N_6P07_TWV-ETC+N_6FPOUTS-NS>N_PC,"004.000,N_6P07_TWV-ETC:007.000,N_6SIGNIF_SPLIT:002.000=1S946",20,441.0,SPLIT WAFERS,1S946
ZT003-J1NS,N_6HBT8-M3-MC+N_6CUTE-M3-NOSTREET+N_6P07_TWV-ETC+N_6FPOUTS-NS>N_PC,"003.000,N_6CUTE-M3-NOSTREET:044.000=1S807",20,417.0,FP PRE_DEBOND INSPECTION,1S807
ZT003-J1NS,N_6RHBT8_EM_03,001.200=U0394,1,3.0,EM INCOMING WAFER CLEAN/INSPECT,U0144
ZT003-J1NS,N_6HBT8-M3-MC+N_6CUTE-M3-NOSTREET+N_6P07_TWV-ETC+N_6FPOUTS-NS>N_PC,"002.000,N_6HBT8-M3-MC:093.000=U0201",20,115.0,AFTER DEVELOP INSPECTION,U0201
ZT003-J1NS,N_6HBT8-M3-MC+N_6CUTE-M3-NOSTREET+N_6P07_TWV-ETC+N_6FPOUTS-NS>N_PC,"002.000,N_6HBT8-M3-MC:085.000=U0195",20,102.0,AA RESIST WET STRIP,U0195
ZT003-J1NS,N_6HBT8-M3-MC+N_6CUTE-M3-NOSTREET+N_6P07_TWV-ETC+N_6FPOUTS-NS>N_PC,"002.000,N_6HBT8-M3-MC:065.000=U0101",20,77.0,BP 400A InGaP/6.2K GaAs ETCH,U0101
ZT003-J1NS,N_6HBT8-M3-MC+N_6CUTE-M3-NOSTREET+N_6P07_TWV-ETC+N_6FPOUTS-NS>N_PC,"002.000,N_6HBT8-M3-MC:084.000=U0194",20,101.0,AA RESIST SKIN STRIP,U0194
ZT003-J1NS,N_6HBT8-M3-MC+N_6CUTE-M3-NOSTREET+N_6P07_TWV-ETC+N_6FPOUTS-NS>N_PC,"002.000,N_6HBT8-M3-MC:079.000=U0192",20,96.0,AA OVERLAY,U0192
ZT003-J1NS,N_6HBT8-M3-MC+N_6CUTE-M3-NOSTREET+N_6P07_TWV-ETC+N_6FPOUTS-NS>N_PC,"002.000,N_6HBT8-M3-MC:044.000=U0171",20,45.0,BC 400A InGaP ETCH,U0171
ZT003-J1NS,N_6HBT8-M3-MC+N_6CUTE-M3-NOSTREET+N_6P07_TWV-ETC+N_6FPOUTS-NS>N_PC,"002.000,N_6HBT8-M3-MC:065.000=U0101",20,77.0,BP 400A InGaP/6.2K GaAs ETCH,U0101
ZT003-J1NS,N_6HBT8-M3-MC+N_6CUTE-M3-NOSTREET+N_6P07_TWV-ETC+N_6FPOUTS-NS>N_PC,"002.000,N_6HBT8-M3-MC:069.000=U0126",20,82.0,BP MATRIX DESCUM,U0126
ZT003-J1NS,N_6HBT8-M3-MC+N_6CUTE-M3-NOSTREET+N_6P07_TWV-ETC+N_6FPOUTS-NS>N_PC,"002.000,N_6HBT8-M3-MC:082.000=U0127",20,99.0,AA LOW ENERGY IMPLANT,U0127
ZT003-J1NS,N_6HBT8-M3-MC+N_6CUTE-M3-NOSTREET+N_6P07_TWV-ETC+N_6FPOUTS-NS>N_PC,"002.000,N_6HBT8-M3-MC:094.500=U0129",20,117.0,GL PRE METAL CLEAN,U0129
ZT003-J1NS,N_6HBT8-M3-MC+N_6CUTE-M3-NOSTREET+N_6P07_TWV-ETC+N_6FPOUTS-NS>N_PC,"002.000,N_6HBT8-M3-MC:084.000=U0194",20,101.0,AA RESIST SKIN STRIP,U0194
ZT003-J1NS,N_6HBT8-M3-MC+N_6CUTE-M3-NOSTREET+N_6P07_TWV-ETC+N_6FPOUTS-NS>N_PC,"002.000,N_6HBT8-M3-MC:084.000=U0194",20,101.0,AA RESIST SKIN STRIP,U0194
ZT003-J1NS,N_6HBT8-M3-MC+N_6CUTE-M3-NOSTREET+N_6P07_TWV-ETC+N_6FPOUTS-NS>N_PC,"004.000,N_6P07_TWV-ETC:006.000,N_6YIELD_DISP:005.000=1S276",20,439.0,YIELD DISPOSITION,1S276
ZT003-J1NS,N_6HBT8-M3-MC+N_6CUTE-M3-NOSTREET+N_6P07_TWV-ETC+N_6FPOUTS-NS>N_PC,"002.000,N_6HBT8-M3-MC:145.000=U0243",20,180.0,RL PHOTO SURFACE CLEAN,U0243
ZT003-J1NS,N_6HBT8-M3-MC+N_6CUTE-M3-NOSTREET+N_6P07_TWV-ETC+N_6FPOUTS-NS>N_PC,"004.000,N_6P07_TWV-ETC:010.500=1S966",12,445.0,HOLD LOT TYPE,1S966
ZT003-J1NS,N_6HBT8-M3-MC+N_6CUTE-M3-NOSTREET+N_6P07_TWV-ETC+N_6FPOUTS-NS>N_PC,"002.000,N_6HBT8-M3-MC:094.500=U0129",20,117.0,GL PRE METAL CLEAN,U0129
ZT003-J1NS,N_6HBT8-M3-MC+N_6CUTE-M3-NOSTREET+N_6P07_TWV-ETC+N_6FPOUTS-NS>N_PC,"002.000,N_6HBT8-M3-MC:157.000=U0252",20,190.0,RL PRE METAL CLEAN,U0252
ZT003-J1NS,N_6HBT8-M3-MC+N_6CUTE-M3-NOSTREET+N_6P07_TWV-ETC+N_6FPOUTS-NS>N_PC,"003.000,N_6CUTE-M3-NOSTREET:044.000=1S807",19,417.0,FP PRE_DEBOND INSPECTION,1S807
ZT003-J1NS,N_6HBT8-M3-MC+N_6CUTE-M3-NOSTREET+N_6P07_TWV-ETC+N_6FPOUTS-NS>N_PC,"002.000,N_6HBT8-M3-MC:138.000=U0236",20,169.0,CC TAPE LIFTOFF,U0236
ZT003-J1NS,N_6RAOI_INSPECT,001.000=2S386,10,,,
ZT003-J1NS,N_6HBT8-M3-MC+N_6CUTE-M3-NOSTREET+N_6P07_TWV-ETC+N_6FPOUTS-NS>N_PC,"002.000,N_6HBT8-M3-MC:138.000=U0236",20,169.0,CC TAPE LIFTOFF,U0236
ZT003-J1NS,N_6HBT8-M3-MC+N_6CUTE-M3-NOSTREET+N_6P07_TWV-ETC+N_6FPOUTS-NS>N_PC,"002.000,N_6HBT8-M3-MC:157.000=U0252",20,190.0,RL PRE METAL CLEAN,U0252
ZT003-J1NS,N_6HBT8-M3-MC+N_6CUTE-M3-NOSTREET+N_6P07_TWV-ETC+N_6FPOUTS-NS>N_PC,"002.000,N_6HBT8-M3-MC:082.000=U0127",20,99.0,AA LOW ENERGY IMPLANT,U0127
ZT003-J1NS,N_6HBT8-M3-MC+N_6CUTE-M3-NOSTREET+N_6P07_TWV-ETC+N_6FPOUTS-NS>N_PC,"002.000,N_6HBT8-M3-MC:117.000=U0102",20,140.0,CV 1800A NITRIDE VIA ETCH,U0102
ZT003-J1NS,N_6HBT8-M3-MC+N_6CUTE-M3-NOSTREET+N_6P07_TWV-ETC+N_6FPOUTS-NS>N_PC,"002.000,N_6HBT8-M3-MC:142.000=U0240",20,173.0,CC RTP,U0240
ZT003-J1NS,N_6HBT8-M3-MC+N_6CUTE-M3-NOSTREET+N_6P07_TWV-ETC+N_6FPOUTS-NS>N_PC,"002.000,N_6HBT8-M3-MC:154.000=U0250",20,187.0,RL DAL NITRIDE ETCH,U0250
ZT003-J1NS,N_6HBT8-M3-MC+N_6CUTE-M3-NOSTREET+N_6P07_TWV-ETC+N_6FPOUTS-NS>N_PC,"004.000,N_6P07_TWV-ETC:005.000,N_6INKOUT:002.000=1S270",16,437.0,INKOUT WAFERS,1S270
ZT003-J1NS,N_6HBT8-M3-MC+N_6CUTE-M3-NOSTREET+N_6P07_TWV-ETC+N_6FPOUTS-NS>N_PC,"004.000,N_6P07_TWV-ETC:010.700=2S574",4,446.0,PRE - OUTGOING WAFER INSPECTION,2S574
ZT003-J1NS,N_6HBT8-M3-MC+N_6CUTE-M3-NOSTREET+N_6P07_TWV-ETC+N_6FPOUTS-NS>N_PC,"004.000,N_6P07_TWV-ETC:010.700=2S574",16,446.0,PRE - OUTGOING WAFER INSPECTION,2S574
ZT003-J1NS,N_6HBT8-M3-MC+N_6CUTE-M3-NOSTREET+N_6P07_TWV-ETC+N_6FPOUTS-NS>N_PC,"002.000,N_6HBT8-M3-MC:004.000=S9001",20,5.0,MOVE LOT TO FAB,S9001
ZT003-J1NS,N_6HBT8-M3-MC+N_6CUTE-M3-NOSTREET+N_6P07_TWV-ETC+N_6FPOUTS-NS>N_PC,"002.000,N_6HBT8-M3-MC:176.000=U0269",20,213.0,M1 TAPE LIFTOFF,U0269
ZT003-J1NS,N_6HBT8-M3-MC+N_6CUTE-M3-NOSTREET+N_6P07_TWV-ETC+N_6FPOUTS-NS>N_PC,"004.000,N_6P07_TWV-ETC:002.000,N_6PROBE:001.000=1S551",20,424.0,FP FUNCTIONAL PROBE,1S551
ZT003-J1NS,N_6HBT8-M3-MC+N_6CUTE-M3-NOSTREET+N_6P07_TWV-ETC+N_6FPOUTS-NS>N_PC,"002.000,N_6HBT8-M3-MC:002.000=1NN02",20,3.0,LOTS KITTED AND READY FOR SCRIBE,1NN02
ZT003-J1NS,N_6HBT8-M3-MC+N_6CUTE-M3-NOSTREET+N_6P07_TWV-ETC+N_6FPOUTS-NS>N_PC,"002.000,N_6HBT8-M3-MC:001.000=1N982",20,2.0,SAP LOT START,1N982
ZT003-J1NS,N_6HBT8-M3-MC+N_6CUTE-M3-NOSTREET+N_6P07_TWV-ETC+N_6FPOUTS-NS>N_PC,"004.000,N_6P07_TWV-ETC:006.000,N_6YIELD_DISP:005.000=1S276",19,439.0,YIELD DISPOSITION,1S276
ZT003-J1NS,N_6HBT8-M3-MC+N_6CUTE-M3-NOSTREET+N_6P07_TWV-ETC+N_6FPOUTS-NS>N_PC,"003.000,N_6CUTE-M3-NOSTREET:044.000=1S807",20,417.0,FP PRE_DEBOND INSPECTION,1S807
ZT003-J1NS,N_6HBT8-M3-MC+N_6CUTE-M3-NOSTREET+N_6P07_TWV-ETC+N_6FPOUTS-NS>N_PC,"003.000,N_6CUTE-M3-NOSTREET:044.000=1S807",20,417.0,FP PRE_DEBOND INSPECTION,1S807
ZT003-J1NS,N_6HBT8-M3-MC+N_6CUTE-M3-NOSTREET+N_6P07_TWV-ETC+N_6FPOUTS-NS>N_PC,"004.000,N_6P07_TWV-ETC:002.000,N_6PROBE:003.000,N_MAPMERGE:002.000=1S844",20,427.01,MAP MERGE,1S844
ZT003-J1NS,N_6HBT8-M3-MC+N_6CUTE-M3-NOSTREET+N_6P07_TWV-ETC+N_6FPOUTS-NS>N_PC,"002.000,N_6HBT8-M3-MC:147.000=U0245",1,182.0,RL EXPOSE,U0245
ZT003-J1NS,N_6HBT8-M3-MC+N_6CUTE-M3-NOSTREET+N_6P07_TWV-ETC+N_6FPOUTS-NS>N_PC,"003.000,N_6CUTE-M3-NOSTREET:042.000=1S888",20,415.0,MB COPPER ANNEAL,1S888
ZT003-J1NS,N_6HBT8-M3-MC+N_6CUTE-M3-NOSTREET+N_6P07_TWV-ETC+N_6FPOUTS-NS>N_PC,"003.000,N_6CUTE-M3-NOSTREET:042.000=1S888",20,415.0,MB COPPER ANNEAL,1S888
ZT003-J1NS,N_6HBT8-M3-MC+N_6CUTE-M3-NOSTREET+N_6P07_TWV-ETC+N_6FPOUTS-NS>N_PC,"002.000,N_6HBT8-M3-MC:002.000=1NN02",20,3.0,LOTS KITTED AND READY FOR SCRIBE,1NN02
ZT003-J1NS,N_6HBT8-M3-MC+N_6CUTE-M3-NOSTREET+N_6P07_TWV-ETC+N_6FPOUTS-NS>N_PC,"002.000,N_6HBT8-M3-MC:002.000=1NN02",20,3.0,LOTS KITTED AND READY FOR SCRIBE,1NN02
ZT003-J1NS,N_6HBT8-M3-MC+N_6CUTE-M3-NOSTREET+N_6P07_TWV-ETC+N_6FPOUTS-NS>N_PC,"002.000,N_6HBT8-M3-MC:002.000=1NN02",20,3.0,LOTS KITTED AND READY FOR SCRIBE,1NN02
ZT003-J1NS,N_6HBT8-M3-MC+N_6CUTE-M3-NOSTREET+N_6P07_TWV-ETC+N_6FPOUTS-NS>N_PC,"002.000,N_6HBT8-M3-MC:006.000=U0144",20,7.0,EM INCOMING WAFER CLEAN/INSPECT,U0144
ZT003-J1NS,N_6HBT8-M3-MC+N_6CUTE-M3-NOSTREET+N_6P07_TWV-ETC+N_6FPOUTS-NS>N_PC,"002.000,N_6HBT8-M3-MC:006.000=U0144",20,7.0,EM INCOMING WAFER CLEAN/INSPECT,U0144
ZT003-J1NS,N_6HBT8-M3-MC+N_6CUTE-M3-NOSTREET+N_6P07_TWV-ETC+N_6FPOUTS-NS>N_PC,"004.000,N_6P07_TWV-ETC:010.700=2S574",2,446.0,PRE - OUTGOING WAFER INSPECTION,2S574
ZT003-J1NS,N_6HBT8-M3-MC+N_6CUTE-M3-NOSTREET+N_6P07_TWV-ETC+N_6FPOUTS-NS>N_PC,"002.000,N_6HBT8-M3-MC:002.000=1NN02",20,3.0,LOTS KITTED AND READY FOR SCRIBE,1NN02
ZT003-J1NS,N_6HBT8-M3-MC+N_6CUTE-M3-NOSTREET+N_6P07_TWV-ETC+N_6FPOUTS-NS>N_PC,"002.000,N_6HBT8-M3-MC:002.000=1NN02",20,3.0,LOTS KITTED AND READY FOR SCRIBE,1NN02
ZT003-J1NS,N_6HBT8-M3-MC+N_6CUTE-M3-NOSTREET+N_6P07_TWV-ETC+N_6FPOUTS-NS>N_PC,"004.000,N_6P07_TWV-ETC:002.000,N_6PROBE:001.000=1S551",20,424.0,FP FUNCTIONAL PROBE,1S551
ZT003-J1NS,N_6HBT8-M3-MC+N_6CUTE-M3-NOSTREET+N_6P07_TWV-ETC+N_6FPOUTS-NS>N_PC,"004.000,N_6P07_TWV-ETC:006.000,N_6YIELD_DISP:005.000=1S276",20,439.0,YIELD DISPOSITION,1S276
ZT003-J1NS,N_6HBT8-M3-MC+N_6CUTE-M3-NOSTREET+N_6P07_TWV-ETC+N_6FPOUTS-NS>N_PC,"004.000,N_6P07_TWV-ETC:011.000=1S671",1,447.0,OUTGOING WAFER INSPECTION,1S671
ZT003-J1NS,N_6HBT8-M3-MC+N_6CUTE-M3-NOSTREET+N_6P07_TWV-ETC+N_6FPOUTS-NS>N_PC,"002.000,N_6HBT8-M3-MC:023.000=U0122",20,23.0,EM 1K InGaAs/1.2K GaAs ETCH,U0122
ZT003-J1NS,N_6HBT8-M3-MC+N_6CUTE-M3-NOSTREET+N_6P07_TWV-ETC+N_6FPOUTS-NS>N_PC,"004.000,N_6P07_TWV-ETC:006.000,N_6YIELD_DISP:005.000=1S276",16,439.0,YIELD DISPOSITION,1S276
ZT003-J1NS,N_6HBT8-M3-MC+N_6CUTE-M3-NOSTREET+N_6P07_TWV-ETC+N_6FPOUTS-NS>N_PC,"004.000,N_6P07_TWV-ETC:002.000,N_6PROBE:001.000=1S551",20,424.0,FP FUNCTIONAL PROBE,1S551
ZT003-J1NS,N_6HBT8-M3-MC+N_6CUTE-M3-NOSTREET+N_6P07_TWV-ETC+N_6FPOUTS-NS>N_PC,"002.000,N_6HBT8-M3-MC:001.000=1N982",20,2.0,SAP LOT START,1N982
ZT003-J1NS,N_6HBT8-M3-MC+N_6CUTE-M3-NOSTREET+N_6P07_TWV-ETC+N_6FPOUTS-NS>N_PC,"002.000,N_6HBT8-M3-MC:004.000=S9001",20,5.0,MOVE LOT TO FAB,S9001
ZT003-J1NS,N_6HBT8-M3-MC+N_6CUTE-M3-NOSTREET+N_6P07_TWV-ETC+N_6FPOUTS-NS>N_PC,"002.000,N_6HBT8-M3-MC:004.000=S9001",20,5.0,MOVE LOT TO FAB,S9001
ZT003-J1NS,N_6HBT8-M3-MC+N_6CUTE-M3-NOSTREET+N_6P07_TWV-ETC+N_6FPOUTS-NS>N_PC,"002.000,N_6HBT8-M3-MC:006.000=U0144",20,7.0,EM INCOMING WAFER CLEAN/INSPECT,U0144
ZT003-J1NS,N_6HBT8-M3-MC+N_6CUTE-M3-NOSTREET+N_6P07_TWV-ETC+N_6FPOUTS-NS>N_PC,"002.000,N_6HBT8-M3-MC:004.000=S9001",20,5.0,MOVE LOT TO FAB,S9001
ZT003-J1NS,N_6HBT8-M3-MC+N_6CUTE-M3-NOSTREET+N_6P07_TWV-ETC+N_6FPOUTS-NS>N_PC,"002.000,N_6HBT8-M3-MC:004.000=S9001",20,5.0,MOVE LOT TO FAB,S9001
ZT003-J1NS,N_6HBT8-M3-MC+N_6CUTE-M3-NOSTREET+N_6P07_TWV-ETC+N_6FPOUTS-NS>N_PC,"003.000,N_6CUTE-M3-NOSTREET:045.000=1S964",20,418.0,FP DE-BOND / CLEAN,1S964
ZT003-J1NS,N_6HBT8-M3-MC+N_6CUTE-M3-NOSTREET+N_6P07_TWV-ETC+N_6FPOUTS-NS>N_PC,"003.000,N_6CUTE-M3-NOSTREET:031.000=1S530",20,403.0,MB PRE-PLATE CLEAN,1S530
ZT003-J1NS,N_6HBT8-M3-MC+N_6CUTE-M3-NOSTREET+N_6P07_TWV-ETC+N_6FPOUTS-NS>N_PC,"003.000,N_6CUTE-M3-NOSTREET:031.000=1S530",20,403.0,MB PRE-PLATE CLEAN,1S530
ZT003-J1NS,N_6HBT8-M3-MC+N_6CUTE-M3-NOSTREET+N_6P07_TWV-ETC+N_6FPOUTS-NS>N_PC,"004.000,N_6P07_TWV-ETC:002.000,N_6PROBE:001.000=1S551",20,424.0,FP FUNCTIONAL PROBE,1S551
ZT003-J1NS,N_6HBT8-M3-MC+N_6CUTE-M3-NOSTREET+N_6P07_TWV-ETC+N_6FPOUTS-NS>N_PC,"003.000,N_6CUTE-M3-NOSTREET:031.000=1S530",19,403.0,MB PRE-PLATE CLEAN,1S530
ZT003-J1NS,N_6HBT8-M3-MC+N_6CUTE-M3-NOSTREET+N_6P07_TWV-ETC+N_6FPOUTS-NS>N_PC,"004.000,N_6P07_TWV-ETC:006.000,N_6YIELD_DISP:005.000=1S276",9,439.0,YIELD DISPOSITION,1S276
ZT003-J1NS,N_6HBT8-M3-MC+N_6CUTE-M3-NOSTREET+N_6P07_TWV-ETC+N_6FPOUTS-NS>N_PC,"002.000,N_6HBT8-M3-MC:002.000=1NN02",20,3.0,LOTS KITTED AND READY FOR SCRIBE,1NN02
ZT003-J1NS,N_6HBT8-M3-MC+N_6CUTE-M3-NOSTREET+N_6P07_TWV-ETC+N_6FPOUTS-NS>N_PC,"003.000,N_6CUTE-M3-NOSTREET:031.000=1S530",20,403.0,MB PRE-PLATE CLEAN,1S530
ZT003-J1NS,N_6HBT8-M3-MC+N_6CUTE-M3-NOSTREET+N_6P07_TWV-ETC+N_6FPOUTS-NS>N_PC,"002.000,N_6HBT8-M3-MC:004.000=S9001",20,5.0,MOVE LOT TO FAB,S9001
ZT003-J1NS,N_6HBT8-M3-MC+N_6CUTE-M3-NOSTREET+N_6P07_TWV-ETC+N_6FPOUTS-NS>N_PC,"003.000,N_6CUTE-M3-NOSTREET:022.000=1S668",17,394.0,VA 20x40 VIA ICP ETCH,1S668
ZT003-J1NS,N_6HBT8-M3-MC+N_6CUTE-M3-NOSTREET+N_6P07_TWV-ETC+N_6FPOUTS-NS>N_PC,"004.000,N_6P07_TWV-ETC:010.700=2S574",20,446.0,PRE - OUTGOING WAFER INSPECTION,2S574
ZT003-J1NS,N_6RFPO_RWK,001.000=1T105,1,1.0,Lot Engineering to Provide Disposition,1T105
ZT003-J1NS,N_6RFPO_RWK,001.000=1T105,1,1.0,Lot Engineering to Provide Disposition,1T105
ZT003-J1NS,N_6HBT8-M3-MC+N_6CUTE-M3-NOSTREET+N_6P07_TWV-ETC+N_6FPOUTS-NS>N_PC,"002.000,N_6HBT8-M3-MC:241.000=U0327",20,295.0,V2 PHOTO SURFACE CLEAN SHORT,U0327
ZT003-J1NS,N_6HBT8-M3-MC+N_6CUTE-M3-NOSTREET+N_6P07_TWV-ETC+N_6FPOUTS-NS>N_PC,"002.000,N_6HBT8-M3-MC:191.000=U0282",20,233.0,MC AFTER DEVELOP INSPECTION,U0282
ZT003-J1NS,N_6HBT8-M3-MC+N_6CUTE-M3-NOSTREET+N_6P07_TWV-ETC+N_6FPOUTS-NS>N_PC,"002.000,N_6HBT8-M3-MC:236.000=U0323",20,290.0,M2 LIFT OFF SSEC - TAPE,U0323
ZT003-J1NS,N_6HBT8-M3-MC+N_6CUTE-M3-NOSTREET+N_6P07_TWV-ETC+N_6FPOUTS-NS>N_PC,"002.000,N_6HBT8-M3-MC:017.000=U0152",20,18.0,EC TAPE LIFTOFF,U0152
ZT003-J1NS,N_6HBT8-M3-MC+N_6CUTE-M3-NOSTREET+N_6P07_TWV-ETC+N_6FPOUTS-NS>N_PC,"002.000,N_6HBT8-M3-MC:172.000=U0265",20,209.0,M1 PRE CLEAN,U0265
ZT003-J1NS,N_6HBT8-M3-MC+N_6CUTE-M3-NOSTREET+N_6P07_TWV-ETC+N_6FPOUTS-NS>N_PC,"002.000,N_6HBT8-M3-MC:242.000=U0328",20,300.0,V2 POLYIMIDE COAT,U0328
ZT003-J1NS,N_6HBT8-M3-MC+N_6CUTE-M3-NOSTREET+N_6P07_TWV-ETC+N_6FPOUTS-NS>N_PC,"002.000,N_6HBT8-M3-MC:250.000=U0335",20,309.0,V2 ETCH,U0335
ZT003-J1NS,N_6HBT8-M3-MC+N_6CUTE-M3-NOSTREET+N_6P07_TWV-ETC+N_6FPOUTS-NS>N_PC,"002.000,N_6HBT8-M3-MC:154.000=U0250",20,187.0,RL DAL NITRIDE ETCH,U0250
ZT003-J1NS,N_6HBT8-M3-MC+N_6CUTE-M3-NOSTREET+N_6P07_TWV-ETC+N_6FPOUTS-NS>N_PC,"002.000,N_6HBT8-M3-MC:014.000=U0121",20,15.0,EC METAL DEPOSITION,U0121
ZT003-J1NS,N_6HBT8-M3-MC+N_6CUTE-M3-NOSTREET+N_6P07_TWV-ETC+N_6FPOUTS-NS>N_PC,"002.000,N_6HBT8-M3-MC:157.000=U0252",20,190.0,RL PRE METAL CLEAN,U0252
ZT003-J1NS,N_6HBT8-M3-MC+N_6CUTE-M3-NOSTREET+N_6P07_TWV-ETC+N_6FPOUTS-NS>N_PC,"004.000,N_6P07_TWV-ETC:010.500=1S966",8,445.0,HOLD LOT TYPE,1S966
ZT003-J1NS,N_6HBT8-M3-MC+N_6CUTE-M3-NOSTREET+N_6P07_TWV-ETC+N_6FPOUTS-NS>N_PC,"002.000,N_6HBT8-M3-MC:004.000=S9001",20,5.0,MOVE LOT TO FAB,S9001
ZT003-J1NS,N_6HBT8-M3-MC+N_6CUTE-M3-NOSTREET+N_6P07_TWV-ETC+N_6FPOUTS-NS>N_PC,"002.000,N_6HBT8-M3-MC:006.000=U0144",20,7.0,EM INCOMING WAFER CLEAN/INSPECT,U0144
ZT003-J1NS,N_6RFPO_RWK,001.000=1T105,1,1.0,Lot Engineering to Provide Disposition,1T105
ZT003-J1NS,N_6HBT8-M3-MC+N_6CUTE-M3-NOSTREET+N_6P07_TWV-ETC+N_6FPOUTS-NS>N_PC,"002.000,N_6HBT8-M3-MC:004.000=S9001",20,5.0,MOVE LOT TO FAB,S9001
ZT003-J1NS,N_6HBT8-M3-MC+N_6CUTE-M3-NOSTREET+N_6P07_TWV-ETC+N_6FPOUTS-NS>N_PC,"002.000,N_6HBT8-M3-MC:139.000=U0237",20,170.0,CC LIFT OFF SSEC - TAPE,U0237
ZT003-J1NS,N_6HBT8-M3-MC+N_6CUTE-M3-NOSTREET+N_6P07_TWV-ETC+N_6FPOUTS-NS>N_PC,"002.000,N_6HBT8-M3-MC:277.000,N_6AOI_INSPECT:001.000=2S291",20,345.0,AOI INSPECTION,2S291
ZT003-J1NS,N_6RFPO_RWK,001.000=1T105,13,1.0,Lot Engineering to Provide Disposition,1T105
ZT003-J1NS,N_6HBT8-M3-MC+N_6CUTE-M3-NOSTREET+N_6P07_TWV-ETC+N_6FPOUTS-NS>N_PC,"002.000,N_6HBT8-M3-MC:157.000=U0252",20,190.0,RL PRE METAL CLEAN,U0252
ZT003-J1NS,N_6HBT8-M3-MC+N_6CUTE-M3-NOSTREET+N_6P07_TWV-ETC+N_6FPOUTS-NS>N_PC,"002.000,N_6HBT8-M3-MC:171.000=U0264",20,208.0,M1 MATRIX DESCUM,U0264
ZT003-J1NS,N_6HBT8-M3-MC+N_6CUTE-M3-NOSTREET+N_6P07_TWV-ETC+N_6FPOUTS-NS>N_PC,"002.000,N_6HBT8-M3-MC:193.000=U0284",19,235.0,MC PRE CLEAN,U0284
ZT003-J1NS,N_6HBT8-M3-MC+N_6CUTE-M3-NOSTREET+N_6P07_TWV-ETC+N_6FPOUTS-NS>N_PC,"002.000,N_6HBT8-M3-MC:172.000=U0265",20,209.0,M1 PRE CLEAN,U0265
ZT003-J1NS,N_6HBT8-M3-MC+N_6CUTE-M3-NOSTREET+N_6P07_TWV-ETC+N_6FPOUTS-NS>N_PC,"002.000,N_6HBT8-M3-MC:168.000=U0262",20,205.0,M1 OVERLAY,U0262
ZT003-J1NS,N_6HBT8-M3-MC+N_6CUTE-M3-NOSTREET+N_6P07_TWV-ETC+N_6FPOUTS-NS>N_PC,"002.000,N_6HBT8-M3-MC:051.000=U0131",20,52.0,BC TAPE LIFTOFF,U0131
ZT003-J1NS,N_6HBT8-M3-MC+N_6CUTE-M3-NOSTREET+N_6P07_TWV-ETC+N_6FPOUTS-NS>N_PC,"002.000,N_6HBT8-M3-MC:002.000=1NN02",20,3.0,LOTS KITTED AND READY FOR SCRIBE,1NN02
ZT003-J1NS,N_6HBT8-M3-MC+N_6CUTE-M3-NOSTREET+N_6P07_TWV-ETC+N_6FPOUTS-NS>N_PC,"002.000,N_6HBT8-M3-MC:209.000=U0299",20,259.0,V1 RESIST COAT,U0299
ZT003-J1NS,N_6HBT8-M3-MC+N_6CUTE-M3-NOSTREET+N_6P07_TWV-ETC+N_6FPOUTS-NS>N_PC,"002.000,N_6HBT8-M3-MC:166.000=U0260",20,203.0,M1 EXPOSE,U0260
ZT003-J1NS,N_6HBT8-M3-MC+N_6CUTE-M3-NOSTREET+N_6P07_TWV-ETC+N_6FPOUTS-NS>N_PC,"002.000,N_6HBT8-M3-MC:013.000=U0150",20,14.0,EC PRE METAL CLEAN,U0150
ZT003-J1NS,N_6HBT8-M3-MC+N_6CUTE-M3-NOSTREET+N_6P07_TWV-ETC+N_6FPOUTS-NS>N_PC,"002.000,N_6HBT8-M3-MC:157.000=U0252",20,190.0,RL PRE METAL CLEAN,U0252
ZT003-J1NS,N_6HBT8-M3-MC+N_6CUTE-M3-NOSTREET+N_6P07_TWV-ETC+N_6FPOUTS-NS>N_PC,"002.000,N_6HBT8-M3-MC:201.000=U0292",19,243.0,MC MATRIX DESCUM,U0283
ZT003-J1NS,N_6HBT8-M3-MC+N_6CUTE-M3-NOSTREET+N_6P07_TWV-ETC+N_6FPOUTS-NS>N_PC,"002.000,N_6HBT8-M3-MC:001.000=1N982",20,2.0,SAP LOT START,1N982
ZT003-J1NS,N_6HBT8-M3-MC+N_6CUTE-M3-NOSTREET+N_6P07_TWV-ETC+N_6FPOUTS-NS>N_PC,"002.000,N_6HBT8-M3-MC:123.500,N_6CVI_INSPECT:002.500=2S575",20,148.0,CVI Inspection,2S575
ZT003-J1NS,N_6HBT8-M3-MC+N_6CUTE-M3-NOSTREET+N_6P07_TWV-ETC+N_6FPOUTS-NS>N_PC,"002.000,N_6HBT8-M3-MC:094.000=U0202",20,116.0,GL PRE-METAL DESCUM,U0202
ZT003-J1NS,N_6HBT8-M3-MC+N_6CUTE-M3-NOSTREET+N_6P07_TWV-ETC+N_6FPOUTS-NS>N_PC,"002.000,N_6HBT8-M3-MC:065.000=U0101",20,77.0,BP 400A InGaP/6.2K GaAs ETCH,U0101
ZT003-J1NS,N_6HBT8-M3-MC+N_6CUTE-M3-NOSTREET+N_6P07_TWV-ETC+N_6FPOUTS-NS>N_PC,"002.000,N_6HBT8-M3-MC:144.000=U0242",20,179.0,RL PRECOAT ASH,U0242
ZT003-J1NS,N_6HBT8-M3-MC+N_6CUTE-M3-NOSTREET+N_6P07_TWV-ETC+N_6FPOUTS-NS>N_PC,"002.000,N_6HBT8-M3-MC:172.000=U0265",20,209.0,M1 PRE CLEAN,U0265
ZT003-J1NS,N_6HBT8-M3-MC+N_6CUTE-M3-NOSTREET+N_6P07_TWV-ETC+N_6FPOUTS-NS>N_PC,"002.000,N_6HBT8-M3-MC:084.000=U0194",20,101.0,AA RESIST SKIN STRIP,U0194
ZT003-J1NS,N_6HBT8-M3-MC+N_6CUTE-M3-NOSTREET+N_6P07_TWV-ETC+N_6FPOUTS-NS>N_PC,"002.000,N_6HBT8-M3-MC:002.000=1NN02",20,3.0,LOTS KITTED AND READY FOR SCRIBE,1NN02
ZT003-J1NS,N_6HBT8-M3-MC+N_6CUTE-M3-NOSTREET+N_6P07_TWV-ETC+N_6FPOUTS-NS>N_PC,"002.000,N_6HBT8-M3-MC:002.000=1NN02",20,3.0,LOTS KITTED AND READY FOR SCRIBE,1NN02
ZT003-J1NS,N_6HBT8-M3-MC+N_6CUTE-M3-NOSTREET+N_6P07_TWV-ETC+N_6FPOUTS-NS>N_PC,"002.000,N_6HBT8-M3-MC:058.000=U0140",20,66.0,BP PHOTO DESCUM,U0140
ZT003-J1NS,N_6HBT8-M3-MC+N_6CUTE-M3-NOSTREET+N_6P07_TWV-ETC+N_6FPOUTS-NS>N_PC,"002.000,N_6HBT8-M3-MC:002.000=1NN02",20,3.0,LOTS KITTED AND READY FOR SCRIBE,1NN02
ZT003-J1NS,N_6HBT8-M3-MC+N_6CUTE-M3-NOSTREET+N_6P07_TWV-ETC+N_6FPOUTS-NS>N_PC,"002.000,N_6HBT8-M3-MC:094.500=U0129",20,117.0,GL PRE METAL CLEAN,U0129
ZT003-J1NS,N_6HBT8-M3-MC+N_6CUTE-M3-NOSTREET+N_6P07_TWV-ETC+N_6FPOUTS-NS>N_PC,"002.000,N_6HBT8-M3-MC:086.500=U0391",20,104.0,AA MATRIX DESCUM,U0391
ZT003-J1NS,N_6HBT8-M3-MC+N_6CUTE-M3-NOSTREET+N_6P07_TWV-ETC+N_6FPOUTS-NS>N_PC,"002.000,N_6HBT8-M3-MC:094.500=U0129",19,117.0,GL PRE METAL CLEAN,U0129
ZT003-J1NS,N_6HBT8-M3-MC+N_6CUTE-M3-NOSTREET+N_6P07_TWV-ETC+N_6FPOUTS-NS>N_PC,"002.000,N_6HBT8-M3-MC:094.500=U0129",20,117.0,GL PRE METAL CLEAN,U0129
ZT003-J1NS,N_6HBT8-M3-MC+N_6CUTE-M3-NOSTREET+N_6P07_TWV-ETC+N_6FPOUTS-NS>N_PC,"002.000,N_6HBT8-M3-MC:005.000=S9002",20,6.0,LS FAB START,1S054
ZT003-J1NS,N_6HBT8-M3-MC+N_6CUTE-M3-NOSTREET+N_6P07_TWV-ETC+N_6FPOUTS-NS>N_PC,"002.000,N_6HBT8-M3-MC:074.000=U0187",20,87.0,DL PROTECTION MEASUREMENT,U0187
ZT003-J1NS,N_6HBT8-M3-MC+N_6CUTE-M3-NOSTREET+N_6P07_TWV-ETC+N_6FPOUTS-NS>N_PC,"004.000,N_6P07_TWV-ETC:002.000,N_6PROBE:001.000=1S551",20,424.0,FP FUNCTIONAL PROBE,1S551
ZT003-J1NS,N_6HBT8-M3-MC+N_6CUTE-M3-NOSTREET+N_6P07_TWV-ETC+N_6FPOUTS-NS>N_PC,"002.000,N_6HBT8-M3-MC:002.000=1NN02",20,3.0,LOTS KITTED AND READY FOR SCRIBE,1NN02
ZT003-J1NS,N_6HBT8-M3-MC+N_6CUTE-M3-NOSTREET+N_6P07_TWV-ETC+N_6FPOUTS-NS>N_PC,"002.000,N_6HBT8-M3-MC:047.000=U0174",20,48.0,BC PRE METAL CLEAN,U0174
ZT003-J1NS,N_6HBT8-M3-MC+N_6CUTE-M3-NOSTREET+N_6P07_TWV-ETC+N_6FPOUTS-NS>N_PC,"002.000,N_6HBT8-M3-MC:042.000=U0169",20,43.0,BC 400A NITRIDE ETCH,U0169
ZT003-J1NS,N_6HBT8-M3-MC+N_6CUTE-M3-NOSTREET+N_6P07_TWV-ETC+N_6FPOUTS-NS>N_PC,"002.000,N_6HBT8-M3-MC:023.000=U0122",20,23.0,EM 1K InGaAs/1.2K GaAs ETCH,U0122
ZT003-J1NS,N_6HBT8-M3-MC+N_6CUTE-M3-NOSTREET+N_6P07_TWV-ETC+N_6FPOUTS-NS>N_PC,"002.000,N_6HBT8-M3-MC:065.000=U0101",20,77.0,BP 400A InGaP/6.2K GaAs ETCH,U0101
ZT003-J1NS,N_6HBT8-M3-MC+N_6CUTE-M3-NOSTREET+N_6P07_TWV-ETC+N_6FPOUTS-NS>N_PC,"002.000,N_6HBT8-M3-MC:159.000=U0254",20,192.0,RL TaN METAL DEP INSPECTION,U0254
ZT003-J1NS,N_6HBT8-M3-MC+N_6CUTE-M3-NOSTREET+N_6P07_TWV-ETC+N_6FPOUTS-NS>N_PC,"002.000,N_6HBT8-M3-MC:070.000=U0184",20,83.0,BP DEPTH MEASUREMENT,U0184
ZT003-J1NS,N_6RFPO_RWK,001.000=1T105,1,1.0,Lot Engineering to Provide Disposition,1T105
ZT003-J1NS,N_6HBT8-M3-MC+N_6CUTE-M3-NOSTREET+N_6P07_TWV-ETC+N_6FPOUTS-NS>N_PC,"002.000,N_6HBT8-M3-MC:094.500=U0129",20,117.0,GL PRE METAL CLEAN,U0129
ZT003-J1NS,N_6HBT8-M3-MC+N_6CUTE-M3-NOSTREET+N_6P07_TWV-ETC+N_6FPOUTS-NS>N_PC,"002.000,N_6HBT8-M3-MC:131.000=U0230",20,162.0,CC STEP HEIGHT CHECK,U0230
ZT003-J1NS,N_6HBT8-M3-MC+N_6CUTE-M3-NOSTREET+N_6P07_TWV-ETC+N_6FPOUTS-NS>N_PC,"002.000,N_6HBT8-M3-MC:134.000=U0232",20,165.0,CC PRE OHMIC CLEAN,U0232
ZT003-J1NS,N_6HBT8-M3-MC+N_6CUTE-M3-NOSTREET+N_6P07_TWV-ETC+N_6FPOUTS-NS>N_PC,"002.000,N_6HBT8-M3-MC:017.000=U0152",20,18.0,EC TAPE LIFTOFF,U0152
ZT003-J1NS,N_6HBT8-M3-MC+N_6CUTE-M3-NOSTREET+N_6P07_TWV-ETC+N_6FPOUTS-NS>N_PC,"004.000,N_6P07_TWV-ETC:010.500=1S966",20,445.0,HOLD LOT TYPE,1S966
ZT003-J1NS,N_6HBT8-M3-MC+N_6CUTE-M3-NOSTREET+N_6P07_TWV-ETC+N_6FPOUTS-NS>N_PC,"002.000,N_6HBT8-M3-MC:004.000=S9001",20,5.0,MOVE LOT TO FAB,S9001
ZT003-J1NS,N_6HBT8-M3-MC+N_6CUTE-M3-NOSTREET+N_6P07_TWV-ETC+N_6FPOUTS-NS>N_PC,"002.000,N_6HBT8-M3-MC:013.000=U0150",20,14.0,EC PRE METAL CLEAN,U0150
ZT003-J1NS,N_6HBT8-M3-MC+N_6CUTE-M3-NOSTREET+N_6P07_TWV-ETC+N_6FPOUTS-NS>N_PC,"002.000,N_6HBT8-M3-MC:065.000=U0101",20,77.0,BP 400A InGaP/6.2K GaAs ETCH,U0101
ZT003-J1NS,N_6HBT8-M3-MC+N_6CUTE-M3-NOSTREET+N_6P07_TWV-ETC+N_6FPOUTS-NS>N_PC,"002.000,N_6HBT8-M3-MC:239.000=U0326",20,293.0,M2 MATRIX DESCUM,U0317
ZT003-J1NS,N_6HBT8-M3-MC+N_6CUTE-M3-NOSTREET+N_6P07_TWV-ETC+N_6FPOUTS-NS>N_PC,"002.000,N_6HBT8-M3-MC:157.000=U0252",20,190.0,RL PRE METAL CLEAN,U0252
ZT003-J1NS,N_6HBT8-M3-MC+N_6CUTE-M3-NOSTREET+N_6P07_TWV-ETC+N_6FPOUTS-NS>N_PC,"002.000,N_6HBT8-M3-MC:072.000=U0185",20,85.0,DL PROTECTION CLEAN,U0185
ZT003-J1NS,N_6HBT8-M3-MC+N_6CUTE-M3-NOSTREET+N_6P07_TWV-ETC+N_6FPOUTS-NS>N_PC,"004.000,N_6P07_TWV-ETC:002.000,N_6PROBE:001.000=1S551",20,424.0,FP FUNCTIONAL PROBE,1S551
ZT003-J1NS,N_6HBT8-M3-MC+N_6CUTE-M3-NOSTREET+N_6P07_TWV-ETC+N_6FPOUTS-NS>N_PC,"002.000,N_6HBT8-M3-MC:082.000=U0127",20,99.0,AA LOW ENERGY IMPLANT,U0127
ZT003-J1NS,N_6HBT8-M3-MC+N_6CUTE-M3-NOSTREET+N_6P07_TWV-ETC+N_6FPOUTS-NS>N_PC,"002.000,N_6HBT8-M3-MC:084.000=U0194",20,101.0,AA RESIST SKIN STRIP,U0194
ZT003-J1NS,N_6HBT8-M3-MC+N_6CUTE-M3-NOSTREET+N_6P07_TWV-ETC+N_6FPOUTS-NS>N_PC,"002.000,N_6HBT8-M3-MC:002.000=1NN02",20,3.0,LOTS KITTED AND READY FOR SCRIBE,1NN02
ZT003-J1NS,N_6HBT8-M3-MC+N_6CUTE-M3-NOSTREET+N_6P07_TWV-ETC+N_6FPOUTS-NS>N_PC,"002.000,N_6HBT8-M3-MC:002.000=1NN02",20,3.0,LOTS KITTED AND READY FOR SCRIBE,1NN02
ZT003-J1NS,N_6HBT8-M3-MC+N_6CUTE-M3-NOSTREET+N_6P07_TWV-ETC+N_6FPOUTS-NS>N_PC,"004.000,N_6P07_TWV-ETC:006.000,N_6YIELD_DISP:005.000=1S276",20,439.0,YIELD DISPOSITION,1S276
ZT003-J1NS,N_6HBT8-M3-MC+N_6CUTE-M3-NOSTREET+N_6P07_TWV-ETC+N_6FPOUTS-NS>N_PC,"002.000,N_6HBT8-M3-MC:004.000=S9001",20,5.0,MOVE LOT TO FAB,S9001
ZT003-J1NS,N_6HBT8-M3-MC+N_6CUTE-M3-NOSTREET+N_6P07_TWV-ETC+N_6FPOUTS-NS>N_PC,"002.000,N_6HBT8-M3-MC:002.000=1NN02",20,3.0,LOTS KITTED AND READY FOR SCRIBE,1NN02
ZT003-J1NS,N_6HBT8-M3-MC+N_6CUTE-M3-NOSTREET+N_6P07_TWV-ETC+N_6FPOUTS-NS>N_PC,"002.000,N_6HBT8-M3-MC:002.000=1NN02",20,3.0,LOTS KITTED AND READY FOR SCRIBE,1NN02
ZT003-J1NS,N_6HBT8-M3-MC+N_6CUTE-M3-NOSTREET+N_6P07_TWV-ETC+N_6FPOUTS-NS>N_PC,"002.000,N_6HBT8-M3-MC:002.000=1NN02",20,3.0,LOTS KITTED AND READY FOR SCRIBE,1NN02
ZT003-J1NS,N_6HBT8-M3-MC+N_6CUTE-M3-NOSTREET+N_6P07_TWV-ETC+N_6FPOUTS-NS>N_PC,"002.000,N_6HBT8-M3-MC:002.000=1NN02",20,3.0,LOTS KITTED AND READY FOR SCRIBE,1NN02
ZT003-J1NS,N_6HBT8-M3-MC+N_6CUTE-M3-NOSTREET+N_6P07_TWV-ETC+N_6FPOUTS-NS>N_PC,"002.000,N_6HBT8-M3-MC:002.000=1NN02",20,3.0,LOTS KITTED AND READY FOR SCRIBE,1NN02
ZT003-J1NS,N_6HBT8-M3-MC+N_6CUTE-M3-NOSTREET+N_6P07_TWV-ETC+N_6FPOUTS-NS>N_PC,"004.000,N_6P07_TWV-ETC:006.000,N_6YIELD_DISP:005.000=1S276",20,439.0,YIELD DISPOSITION,1S276
ZT003-J1NS,N_6HBT8-M3-MC+N_6CUTE-M3-NOSTREET+N_6P07_TWV-ETC+N_6FPOUTS-NS>N_PC,"002.000,N_6HBT8-M3-MC:002.000=1NN02",20,3.0,LOTS KITTED AND READY FOR SCRIBE,1NN02
ZT003-J1NS,N_6RHBT8_M3_CT,001.000=S9230,6,1.0,RESIST STRIP,T1267
ZT003-J1NS,N_6HBT8-M3-MC+N_6CUTE-M3-NOSTREET+N_6P07_TWV-ETC+N_6FPOUTS-NS>N_PC,"003.000,N_6CUTE-M3-NOSTREET:044.000=1S807",19,417.0,FP PRE_DEBOND INSPECTION,1S807
ZT003-J1NS,N_6HBT8-M3-MC+N_6CUTE-M3-NOSTREET+N_6P07_TWV-ETC+N_6FPOUTS-NS>N_PC,"004.000,N_6P07_TWV-ETC:002.000,N_6PROBE:001.000=1S551",20,424.0,FP FUNCTIONAL PROBE,1S551
ZT003-J1NS,N_6HBT8-M3-MC+N_6CUTE-M3-NOSTREET+N_6P07_TWV-ETC+N_6FPOUTS-NS>N_PC,"004.000,N_6P07_TWV-ETC:002.000,N_6PROBE:003.000,N_MAPMERGE:002.000=1S844",20,427.01,MAP MERGE,1S844
ZT003-J1NS,N_6HBT8-M3-MC+N_6CUTE-M3-NOSTREET+N_6P07_TWV-ETC+N_6FPOUTS-NS>N_PC,"003.000,N_6CUTE-M3-NOSTREET:014.000=1S519",6,386.0,VA EXPOSE,1S519
ZT003-J1NS,N_6HBT8-M3-MC+N_6CUTE-M3-NOSTREET+N_6P07_TWV-ETC+N_6FPOUTS-NS>N_PC,"004.000,N_6P07_TWV-ETC:002.000,N_6PROBE:001.000=1S551",20,424.0,FP FUNCTIONAL PROBE,1S551
ZT003-J1NS,N_6RFPO_RWK,001.000=1T105,1,1.0,Lot Engineering to Provide Disposition,1T105
ZT003-J1NS,N_6HBT8-M3-MC+N_6CUTE-M3-NOSTREET+N_6P07_TWV-ETC+N_6FPOUTS-NS>N_PC,"002.000,N_6HBT8-M3-MC:232.000=U0319",20,286.0,M2 DEPOSITION,U0319
ZT003-J1NS,N_6RFPO_RWK,001.000=1T105,1,1.0,Lot Engineering to Provide Disposition,1T105
ZT003-J1NS,N_6RFPO_RWK,001.000=1T105,1,1.0,Lot Engineering to Provide Disposition,1T105
ZT003-J1NS,N_6RFPO_RWK,001.000=1T105,1,1.0,Lot Engineering to Provide Disposition,1T105
ZT003-J1NS,N_6RFPO_RWK,001.000=1T105,1,1.0,Lot Engineering to Provide Disposition,1T105
ZT003-J1NS,N_6HBT8-M3-MC+N_6CUTE-M3-NOSTREET+N_6P07_TWV-ETC+N_6FPOUTS-NS>N_PC,"003.000,N_6CUTE-M3-NOSTREET:044.000=1S807",20,417.0,FP PRE_DEBOND INSPECTION,1S807
ZT003-J1NS,N_6HBT8-M3-MC+N_6CUTE-M3-NOSTREET+N_6P07_TWV-ETC+N_6FPOUTS-NS>N_PC,"004.000,N_6P07_TWV-ETC:011.000=1S671",1,447.0,OUTGOING WAFER INSPECTION,1S671
ZT003-J1NS,N_6HBT8-M3-MC+N_6CUTE-M3-NOSTREET+N_6P07_TWV-ETC+N_6FPOUTS-NS>N_PC,"002.000,N_6HBT8-M3-MC:003.000=S9000",20,4.0,LS WAFER SCRIBE,S9000
ZT003-J1NS,N_6HBT8-M3-MC+N_6CUTE-M3-NOSTREET+N_6P07_TWV-ETC+N_6FPOUTS-NS>N_PC,"002.000,N_6HBT8-M3-MC:044.000=U0171",19,45.0,BC 400A InGaP ETCH,U0171
ZT003-J1NS,N_6RFPO_RWK,001.000=1T105,1,1.0,Lot Engineering to Provide Disposition,1T105
ZT003-J1NS,N_6HBT8-M3-MC+N_6CUTE-M3-NOSTREET+N_6P07_TWV-ETC+N_6FPOUTS-NS>N_PC,"002.000,N_6HBT8-M3-MC:004.000=S9001",20,5.0,MOVE LOT TO FAB,S9001
ZT003-J1NS,N_6RFPO_RWK,001.000=1T105,1,1.0,Lot Engineering to Provide Disposition,1T105
ZT003-J1NS,N_6RFPO_RWK,001.000=1T105,1,1.0,Lot Engineering to Provide Disposition,1T105
ZT003-J1NS,N_6HBT8-M3-MC+N_6CUTE-M3-NOSTREET+N_6P07_TWV-ETC+N_6FPOUTS-NS>N_PC,"004.000,N_6P07_TWV-ETC:011.000=1S671",20,447.0,OUTGOING WAFER INSPECTION,1S671
ZT003-J1NS,N_6HBT8-M3-MC+N_6CUTE-M3-NOSTREET+N_6P07_TWV-ETC+N_6FPOUTS-NS>N_PC,"004.000,N_6P07_TWV-ETC:010.500=1S966",2,445.0,HOLD LOT TYPE,1S966
ZT003-J1NS,N_6HBT8-M3-MC+N_6CUTE-M3-NOSTREET+N_6P07_TWV-ETC+N_6FPOUTS-NS>N_PC,"002.000,N_6HBT8-M3-MC:006.000=U0144",20,7.0,EM INCOMING WAFER CLEAN/INSPECT,U0144
ZT003-J1NS,N_6HBT8-M3-MC+N_6CUTE-M3-NOSTREET+N_6P07_TWV-ETC+N_6FPOUTS-NS>N_PC,"002.000,N_6HBT8-M3-MC:065.000=U0101",20,77.0,BP 400A InGaP/6.2K GaAs ETCH,U0101
ZT003-J1NS,N_6HBT8-M3-MC+N_6CUTE-M3-NOSTREET+N_6P07_TWV-ETC+N_6FPOUTS-NS>N_PC,"003.000,N_6CUTE-M3-NOSTREET:045.000=1S964",20,418.0,FP DE-BOND / CLEAN,1S964
ZT003-J1NS,N_6HBT8-M3-MC+N_6CUTE-M3-NOSTREET+N_6P07_TWV-ETC+N_6FPOUTS-NS>N_PC,"002.000,N_6HBT8-M3-MC:172.000=U0265",20,209.0,M1 PRE CLEAN,U0265
ZT003-J1NS,N_6HBT8-M3-MC+N_6CUTE-M3-NOSTREET+N_6P07_TWV-ETC+N_6FPOUTS-NS>N_PC,"004.000,N_6P07_TWV-ETC:002.000,N_6PROBE:001.000=1S551",20,424.0,FP FUNCTIONAL PROBE,1S551
ZT003-J1NS,N_6RFPO_RWK,001.000=1T105,1,1.0,Lot Engineering to Provide Disposition,1T105
ZT003-J1NS,N_6RFPO_RWK,001.000=1T105,1,1.0,Lot Engineering to Provide Disposition,1T105
ZT003-J1NS,N_6HBT8-M3-MC+N_6CUTE-M3-NOSTREET+N_6P07_TWV-ETC+N_6FPOUTS-NS>N_PC,"002.000,N_6HBT8-M3-MC:252.000=U0337",20,311.0,V2 POLYMER STRIP,U0337
ZT003-J1NS,N_6HBT8-M3-MC+N_6CUTE-M3-NOSTREET+N_6P07_TWV-ETC+N_6FPOUTS-NS>N_PC,"002.000,N_6HBT8-M3-MC:160.000=U0255",20,193.0,RL TAPE LIFTOFF,U0255
ZT003-J1NS,N_6HBT8-M3-MC+N_6CUTE-M3-NOSTREET+N_6P07_TWV-ETC+N_6FPOUTS-NS>N_PC,"002.000,N_6HBT8-M3-MC:216.000=U0305",20,266.0,V1 ETCH INSPECTION,U0305
ZT003-J1NS,N_6HBT8-M3-MC+N_6CUTE-M3-NOSTREET+N_6P07_TWV-ETC+N_6FPOUTS-NS>N_PC,"002.000,N_6HBT8-M3-MC:002.000=1NN02",20,3.0,LOTS KITTED AND READY FOR SCRIBE,1NN02
ZT003-J1NS,N_6HBT8-M3-MC+N_6CUTE-M3-NOSTREET+N_6P07_TWV-ETC+N_6FPOUTS-NS>N_PC,"002.000,N_6HBT8-M3-MC:002.000=1NN02",20,3.0,LOTS KITTED AND READY FOR SCRIBE,1NN02
ZT003-J1NS,N_6HBT8-M3-MC+N_6CUTE-M3-NOSTREET+N_6P07_TWV-ETC+N_6FPOUTS-NS>N_PC,"002.000,N_6HBT8-M3-MC:094.500=U0129",20,117.0,GL PRE METAL CLEAN,U0129
ZT003-J1NS,N_6HBT8-M3-MC+N_6CUTE-M3-NOSTREET+N_6P07_TWV-ETC+N_6FPOUTS-NS>N_PC,"002.000,N_6HBT8-M3-MC:144.000=U0242",20,179.0,RL PRECOAT ASH,U0242
ZT003-J1NS,N_6HBT8-M3-MC+N_6CUTE-M3-NOSTREET+N_6P07_TWV-ETC+N_6FPOUTS-NS>N_PC,"004.000,N_6P07_TWV-ETC:001.000=1S567",18,423.0,FP EM RESISTANCE,1S567
ZT003-J1NS,N_6HBT8-M3-MC+N_6CUTE-M3-NOSTREET+N_6P07_TWV-ETC+N_6FPOUTS-NS>N_PC,"002.000,N_6HBT8-M3-MC:004.000=S9001",20,5.0,MOVE LOT TO FAB,S9001
ZT003-J1NS,N_6HBT8-M3-MC+N_6CUTE-M3-NOSTREET+N_6P07_TWV-ETC+N_6FPOUTS-NS>N_PC,"002.000,N_6HBT8-M3-MC:084.000=U0194",20,101.0,AA RESIST SKIN STRIP,U0194
ZT003-J1NS,N_6HBT8-M3-MC+N_6CUTE-M3-NOSTREET+N_6P07_TWV-ETC+N_6FPOUTS-NS>N_PC,"002.000,N_6HBT8-M3-MC:004.000=S9001",20,5.0,MOVE LOT TO FAB,S9001
ZT003-J1NS,N_6HBT8-M3-MC+N_6CUTE-M3-NOSTREET+N_6P07_TWV-ETC+N_6FPOUTS-NS>N_PC,"002.000,N_6HBT8-M3-MC:123.000=U0112",20,146.0,CV ASM,U0112
ZT003-J1NS,N_6HBT8-M3-MC+N_6CUTE-M3-NOSTREET+N_6P07_TWV-ETC+N_6FPOUTS-NS>N_PC,"004.000,N_6P07_TWV-ETC:002.000,N_6PROBE:001.000=1S551",20,424.0,FP FUNCTIONAL PROBE,1S551
ZT003-J1NS,N_6HBT8-M3-MC+N_6CUTE-M3-NOSTREET+N_6P07_TWV-ETC+N_6FPOUTS-NS>N_PC,"003.000,N_6CUTE-M3-NOSTREET:045.000=1S964",20,418.0,FP DE-BOND / CLEAN,1S964
ZT003-J1NS,N_6HBT8-M3-MC+N_6CUTE-M3-NOSTREET+N_6P07_TWV-ETC+N_6FPOUTS-NS>N_PC,"002.000,N_6HBT8-M3-MC:203.000=U0294",20,248.0,DL 1KPASS PRE CLEAN,U0294
ZT003-J1NS,N_6HBT8-M3-MC+N_6CUTE-M3-NOSTREET+N_6P07_TWV-ETC+N_6FPOUTS-NS>N_PC,"003.000,N_6CUTE-M3-NOSTREET:049.000=1S808",20,422.0,FP POST DEBOND ASH INSPECTION,1S808
ZT003-J1NS,N_6HBT8-M3-MC+N_6CUTE-M3-NOSTREET+N_6P07_TWV-ETC+N_6FPOUTS-NS>N_PC,"002.000,N_6HBT8-M3-MC:094.500=U0129",20,117.0,GL PRE METAL CLEAN,U0129
ZT003-J1NS,N_6RHBT8_EM_03,001.200=U0394,1,3.0,EM INCOMING WAFER CLEAN/INSPECT,U0144
ZT003-J1NS,N_6RMXL_NCMR,001.000=2S532,1,1.0,MXL NCMR,2S532
ZT003-J1NS,N_6HBT8-M3-MC+N_6CUTE-M3-NOSTREET+N_6P07_TWV-ETC+N_6FPOUTS-NS>N_PC,"002.000,N_6HBT8-M3-MC:083.000=U0128",20,100.0,AA HIGH ENERGY IMPLANT,U0128
ZT003-J1NS,N_6HBT8-M3-MC+N_6CUTE-M3-NOSTREET+N_6P07_TWV-ETC+N_6FPOUTS-NS>N_PC,"002.000,N_6HBT8-M3-MC:033.500=9Z400",19,35.0,2HR DESCUM TO COAT STAGING,9Z400
ZT003-J1NS,N_6HBT8-M3-MC+N_6CUTE-M3-NOSTREET+N_6P07_TWV-ETC+N_6FPOUTS-NS>N_PC,"003.000,N_6CUTE-M3-NOSTREET:036.000=1S330",20,409.0,MB COPPER PLATE,1S330
ZT003-J1NS,N_6HBT8-M3-MC+N_6CUTE-M3-NOSTREET+N_6P07_TWV-ETC+N_6FPOUTS-NS>N_PC,"003.000,N_6CUTE-M3-NOSTREET:044.000=1S807",18,417.0,FP PRE_DEBOND INSPECTION,1S807
ZT003-J1NS,N_6HBT8-M3-MC+N_6CUTE-M3-NOSTREET+N_6P07_TWV-ETC+N_6FPOUTS-NS>N_PC,"002.000,N_6HBT8-M3-MC:004.000=S9001",20,5.0,MOVE LOT TO FAB,S9001
ZT003-J1NS,N_6HBT8-M3-MC+N_6CUTE-M3-NOSTREET+N_6P07_TWV-ETC+N_6FPOUTS-NS>N_PC,"004.000,N_6P07_TWV-ETC:010.500=1S966",4,445.0,HOLD LOT TYPE,1S966
ZT003-J1NS,N_6HBT8-M3-MC+N_6CUTE-M3-NOSTREET+N_6P07_TWV-ETC+N_6FPOUTS-NS>N_PC,"003.000,N_6CUTE-M3-NOSTREET:049.000=1S808",20,422.0,FP POST DEBOND ASH INSPECTION,1S808
ZT003-J1NS,N_6HBT8-M3-MC+N_6CUTE-M3-NOSTREET+N_6P07_TWV-ETC+N_6FPOUTS-NS>N_PC,"003.000,N_6CUTE-M3-NOSTREET:045.000=1S964",20,418.0,FP DE-BOND / CLEAN,1S964
ZT003-J1NS,N_6HBT8-M3-MC+N_6CUTE-M3-NOSTREET+N_6P07_TWV-ETC+N_6FPOUTS-NS>N_PC,"004.000,N_6P07_TWV-ETC:002.000,N_6PROBE:001.000=1S551",20,424.0,FP FUNCTIONAL PROBE,1S551
ZT003-J1NS,N_6HBT8-M3-MC+N_6CUTE-M3-NOSTREET+N_6P07_TWV-ETC+N_6FPOUTS-NS>N_PC,"002.000,N_6HBT8-M3-MC:044.000=U0171",20,45.0,BC 400A InGaP ETCH,U0171
ZT003-J1NS,N_6HBT8-M3-MC+N_6CUTE-M3-NOSTREET+N_6P07_TWV-ETC+N_6FPOUTS-NS>N_PC,"002.000,N_6HBT8-M3-MC:044.000=U0171",20,45.0,BC 400A InGaP ETCH,U0171
ZT003-J1NS,N_6HBT8-M3-MC+N_6CUTE-M3-NOSTREET+N_6P07_TWV-ETC+N_6FPOUTS-NS>N_PC,"002.000,N_6HBT8-M3-MC:004.000=S9001",20,5.0,MOVE LOT TO FAB,S9001
ZT003-J1NS,N_6HBT8-M3-MC+N_6CUTE-M3-NOSTREET+N_6P07_TWV-ETC+N_6FPOUTS-NS>N_PC,"002.000,N_6HBT8-M3-MC:002.000=1NN02",20,3.0,LOTS KITTED AND READY FOR SCRIBE,1NN02
ZT003-J1NS,N_6HBT8-M3-MC+N_6CUTE-M3-NOSTREET+N_6P07_TWV-ETC+N_6FPOUTS-NS>N_PC,"003.000,N_6CUTE-M3-NOSTREET:045.000=1S964",20,418.0,FP DE-BOND / CLEAN,1S964
ZT003-J1NS,N_6HBT8-M3-MC+N_6CUTE-M3-NOSTREET+N_6P07_TWV-ETC+N_6FPOUTS-NS>N_PC,"002.000,N_6HBT8-M3-MC:055.000=U0143",20,56.0,BC MATRIX DESCUM,U0143
ZT003-J1NS,N_6HBT8-M3-MC+N_6CUTE-M3-NOSTREET+N_6P07_TWV-ETC+N_6FPOUTS-NS>N_PC,"004.000,N_6P07_TWV-ETC:010.500=1S966",20,445.0,HOLD LOT TYPE,1S966
ZT003-J1NS,N_6HBT8-M3-MC+N_6CUTE-M3-NOSTREET+N_6P07_TWV-ETC+N_6FPOUTS-NS>N_PC,"002.000,N_6HBT8-M3-MC:002.000=1NN02",20,3.0,LOTS KITTED AND READY FOR SCRIBE,1NN02
ZT003-J1NS,N_6HBT8-M3-MC+N_6CUTE-M3-NOSTREET+N_6P07_TWV-ETC+N_6FPOUTS-NS>N_PC,"002.000,N_6HBT8-M3-MC:157.000=U0252",20,190.0,RL PRE METAL CLEAN,U0252
ZT003-J1NS,N_6HBT8-M3-MC+N_6CUTE-M3-NOSTREET+N_6P07_TWV-ETC+N_6FPOUTS-NS>N_PC,"002.000,N_6HBT8-M3-MC:058.000=U0140",20,66.0,BP PHOTO DESCUM,U0140
ZT003-J1NS,N_6HBT8-M3-MC+N_6CUTE-M3-NOSTREET+N_6P07_TWV-ETC+N_6FPOUTS-NS>N_PC,"002.000,N_6HBT8-M3-MC:006.000=U0144",20,7.0,EM INCOMING WAFER CLEAN/INSPECT,U0144
ZT003-J1NS,N_6HBT8-M3-MC+N_6CUTE-M3-NOSTREET+N_6P07_TWV-ETC+N_6FPOUTS-NS>N_PC,"004.000,N_6P07_TWV-ETC:006.000,N_6YIELD_DISP:005.000=1S276",15,439.0,YIELD DISPOSITION,1S276
ZT003-J1NS,N_6HBT8-M3-MC+N_6CUTE-M3-NOSTREET+N_6P07_TWV-ETC+N_6FPOUTS-NS>N_PC,"002.000,N_6HBT8-M3-MC:172.000=U0265",20,209.0,M1 PRE CLEAN,U0265
ZT003-J1NS,N_6HBT8-M3-MC+N_6CUTE-M3-NOSTREET+N_6P07_TWV-ETC+N_6FPOUTS-NS>N_PC,"002.000,N_6HBT8-M3-MC:134.000=U0232",20,165.0,CC PRE OHMIC CLEAN,U0232
ZT003-J1NS,N_6HBT8-M3-MC+N_6CUTE-M3-NOSTREET+N_6P07_TWV-ETC+N_6FPOUTS-NS>N_PC,"004.000,N_6P07_TWV-ETC:010.500=1S966",4,445.0,HOLD LOT TYPE,1S966
ZT003-J1NS,N_6HBT8-M3-MC+N_6CUTE-M3-NOSTREET+N_6P07_TWV-ETC+N_6FPOUTS-NS>N_PC,"002.000,N_6HBT8-M3-MC:004.000=S9001",20,5.0,MOVE LOT TO FAB,S9001
ZT003-J1NS,N_6HBT8-M3-MC+N_6CUTE-M3-NOSTREET+N_6P07_TWV-ETC+N_6FPOUTS-NS>N_PC,"002.000,N_6HBT8-M3-MC:002.000=1NN02",20,3.0,LOTS KITTED AND READY FOR SCRIBE,1NN02
ZT003-J1NS,N_6HBT8-M3-MC+N_6CUTE-M3-NOSTREET+N_6P07_TWV-ETC+N_6FPOUTS-NS>N_PC,"002.000,N_6HBT8-M3-MC:006.000=U0144",20,7.0,EM INCOMING WAFER CLEAN/INSPECT,U0144
ZT003-J1NS,N_6HBT8-M3-MC+N_6CUTE-M3-NOSTREET+N_6P07_TWV-ETC+N_6FPOUTS-NS>N_PC,"002.000,N_6HBT8-M3-MC:118.000=U0219",20,141.0,POST CV ETCH 20 SEC 1:5 HCl DIP,U0219
ZT003-J1NS,N_6HBT8-M3-MC+N_6CUTE-M3-NOSTREET+N_6P07_TWV-ETC+N_6FPOUTS-NS>N_PC,"002.000,N_6HBT8-M3-MC:123.500,N_6CVI_INSPECT:002.500=2S575",20,148.0,CVI Inspection,2S575
ZT003-J1NS,N_6HBT8-M3-MC+N_6CUTE-M3-NOSTREET+N_6P07_TWV-ETC+N_6FPOUTS-NS>N_PC,"002.000,N_6HBT8-M3-MC:154.000=U0250",18,187.0,RL DAL NITRIDE ETCH,U0250
ZT003-J1NS,N_6HBT8-M3-MC+N_6CUTE-M3-NOSTREET+N_6P07_TWV-ETC+N_6FPOUTS-NS>N_PC,"004.000,N_6P07_TWV-ETC:010.500=1S966",20,445.0,HOLD LOT TYPE,1S966
ZT003-J1NS,N_6HBT8-M3-MC+N_6CUTE-M3-NOSTREET+N_6P07_TWV-ETC+N_6FPOUTS-NS>N_PC,"002.000,N_6HBT8-M3-MC:124.000=U0224",20,155.0,CC PHOTO SURFACE CLEAN,U0224
ZT003-J1NS,N_6HBT8-M3-MC+N_6CUTE-M3-NOSTREET+N_6P07_TWV-ETC+N_6FPOUTS-NS>N_PC,"002.000,N_6HBT8-M3-MC:250.000=U0335",20,309.0,V2 ETCH,U0335
ZT003-J1NS,N_6HBT8-M3-MC+N_6CUTE-M3-NOSTREET+N_6P07_TWV-ETC+N_6FPOUTS-NS>N_PC,"002.000,N_6HBT8-M3-MC:006.000=U0144",20,7.0,EM INCOMING WAFER CLEAN/INSPECT,U0144
ZT003-J1NS,N_6HBT8-M3-MC+N_6CUTE-M3-NOSTREET+N_6P07_TWV-ETC+N_6FPOUTS-NS>N_PC,"002.000,N_6HBT8-M3-MC:244.000=U0329",20,303.0,V2 RESIST COAT,U0329
ZT003-J1NS,N_6HBT8-M3-MC+N_6CUTE-M3-NOSTREET+N_6P07_TWV-ETC+N_6FPOUTS-NS>N_PC,"002.000,N_6HBT8-M3-MC:004.000=S9001",20,5.0,MOVE LOT TO FAB,S9001
ZT003-J1NS,N_6HBT8-M3-MC+N_6CUTE-M3-NOSTREET+N_6P07_TWV-ETC+N_6FPOUTS-NS>N_PC,"002.000,N_6HBT8-M3-MC:004.000=S9001",20,5.0,MOVE LOT TO FAB,S9001
ZT003-J1NS,N_6HBT8-M3-MC+N_6CUTE-M3-NOSTREET+N_6P07_TWV-ETC+N_6FPOUTS-NS>N_PC,"002.000,N_6HBT8-M3-MC:157.000=U0252",20,190.0,RL PRE METAL CLEAN,U0252
ZT003-J1NS,N_6HBT8-M3-MC+N_6CUTE-M3-NOSTREET+N_6P07_TWV-ETC+N_6FPOUTS-NS>N_PC,"002.000,N_6HBT8-M3-MC:002.000=1NN02",20,3.0,LOTS KITTED AND READY FOR SCRIBE,1NN02
ZT003-J1NS,N_6HBT8-M3-MC+N_6CUTE-M3-NOSTREET+N_6P07_TWV-ETC+N_6FPOUTS-NS>N_PC,"002.000,N_6HBT8-M3-MC:004.000=S9001",20,5.0,MOVE LOT TO FAB,S9001
ZT003-J1NS,N_6HBT8-M3-MC+N_6CUTE-M3-NOSTREET+N_6P07_TWV-ETC+N_6FPOUTS-NS>N_PC,"002.000,N_6HBT8-M3-MC:172.000=U0265",20,209.0,M1 PRE CLEAN,U0265
ZT003-J1NS,N_6HBT8-M3-MC+N_6CUTE-M3-NOSTREET+N_6P07_TWV-ETC+N_6FPOUTS-NS>N_PC,"002.000,N_6HBT8-M3-MC:208.000=PCUR1",20,257.0,V1 POLYIMIDE CURE,PCUR1
ZT003-J1NS,N_6HBT8-M3-MC+N_6CUTE-M3-NOSTREET+N_6P07_TWV-ETC+N_6FPOUTS-NS>N_PC,"002.000,N_6HBT8-M3-MC:133.000=U0103",20,164.0,CC ETCH,U0103
ZT003-J1NS,N_6HBT8-M3-MC+N_6CUTE-M3-NOSTREET+N_6P07_TWV-ETC+N_6FPOUTS-NS>N_PC,"002.000,N_6HBT8-M3-MC:004.000=S9001",20,5.0,MOVE LOT TO FAB,S9001
ZT003-J1NS,N_6HBT8-M3-MC+N_6CUTE-M3-NOSTREET+N_6P07_TWV-ETC+N_6FPOUTS-NS>N_PC,"002.000,N_6HBT8-M3-MC:210.000=U0300",20,260.0,V1 EXPOSE,U0300
ZT003-J1NS,N_6HBT8-M3-MC+N_6CUTE-M3-NOSTREET+N_6P07_TWV-ETC+N_6FPOUTS-NS>N_PC,"002.000,N_6HBT8-M3-MC:275.000=U0360",20,343.0,DL TOPCOAT DEPOSITION,U0360
ZT003-J1NS,N_6HBT8-M3-MC+N_6CUTE-M3-NOSTREET+N_6P07_TWV-ETC+N_6FPOUTS-NS>N_PC,"002.000,N_6HBT8-M3-MC:073.000=U0186",19,86.0,DL PROTECTION,U0186
ZT003-J1NS,N_6HBT8-M3-MC+N_6CUTE-M3-NOSTREET+N_6P07_TWV-ETC+N_6FPOUTS-NS>N_PC,"002.000,N_6HBT8-M3-MC:004.000=S9001",20,5.0,MOVE LOT TO FAB,S9001
ZT003-J1NS,N_6HBT8-M3-MC+N_6CUTE-M3-NOSTREET+N_6P07_TWV-ETC+N_6FPOUTS-NS>N_PC,"002.000,N_6HBT8-M3-MC:157.000=U0252",20,190.0,RL PRE METAL CLEAN,U0252
ZT003-J1NS,N_6HBT8-M3-MC+N_6CUTE-M3-NOSTREET+N_6P07_TWV-ETC+N_6FPOUTS-NS>N_PC,"002.000,N_6HBT8-M3-MC:002.000=1NN02",20,3.0,LOTS KITTED AND READY FOR SCRIBE,1NN02
ZT003-J1NS,N_6HBT8-M3-MC+N_6CUTE-M3-NOSTREET+N_6P07_TWV-ETC+N_6FPOUTS-NS>N_PC,"002.000,N_6HBT8-M3-MC:067.000=U0125",20,80.0,BP RESIST STRIP,U0125
ZT003-J1NS,N_6HBT8-M3-MC+N_6CUTE-M3-NOSTREET+N_6P07_TWV-ETC+N_6FPOUTS-NS>N_PC,"002.000,N_6HBT8-M3-MC:184.000=U0275",20,221.0,DL 600A HIGH DENSITY MIM NITRIDE,U0275
ZT003-J1NS,N_6HBT8-M3-MC+N_6CUTE-M3-NOSTREET+N_6P07_TWV-ETC+N_6FPOUTS-NS>N_PC,"002.000,N_6HBT8-M3-MC:265.000=U0350",20,328.0,M3 DEPOSITION,U0350
ZT003-J1NS,N_6HBT8-M3-MC+N_6CUTE-M3-NOSTREET+N_6P07_TWV-ETC+N_6FPOUTS-NS>N_PC,"002.000,N_6HBT8-M3-MC:042.000=U0169",20,43.0,BC 400A NITRIDE ETCH,U0169
ZT003-J1NS,N_6HBT8-M3-MC+N_6CUTE-M3-NOSTREET+N_6P07_TWV-ETC+N_6FPOUTS-NS>N_PC,"002.000,N_6HBT8-M3-MC:004.000=S9001",20,5.0,MOVE LOT TO FAB,S9001
ZT003-J1NS,N_6HBT8-M3-MC+N_6CUTE-M3-NOSTREET+N_6P07_TWV-ETC+N_6FPOUTS-NS>N_PC,"002.000,N_6HBT8-M3-MC:280.000=U0363",20,348.0,SP THICK EXPOSE,U0363
ZT003-J1NS,N_6HBT8-M3-MC+N_6CUTE-M3-NOSTREET+N_6P07_TWV-ETC+N_6FPOUTS-NS>N_PC,"002.000,N_6HBT8-M3-MC:172.000=U0265",20,209.0,M1 PRE CLEAN,U0265
ZT003-J1NS,N_6HBT8-M3-MC+N_6CUTE-M3-NOSTREET+N_6P07_TWV-ETC+N_6FPOUTS-NS>N_PC,"002.000,N_6HBT8-M3-MC:275.000=U0360",20,343.0,DL TOPCOAT DEPOSITION,U0360
ZT003-J1NS,N_6HBT8-M3-MC+N_6CUTE-M3-NOSTREET+N_6P07_TWV-ETC+N_6FPOUTS-NS>N_PC,"002.000,N_6HBT8-M3-MC:004.000=S9001",20,5.0,MOVE LOT TO FAB,S9001
ZT003-J1NS,N_6HBT8-M3-MC+N_6CUTE-M3-NOSTREET+N_6P07_TWV-ETC+N_6FPOUTS-NS>N_PC,"002.000,N_6HBT8-M3-MC:004.000=S9001",20,5.0,MOVE LOT TO FAB,S9001
ZT003-J1NS,N_6HBT8-M3-MC+N_6CUTE-M3-NOSTREET+N_6P07_TWV-ETC+N_6FPOUTS-NS>N_PC,"002.000,N_6HBT8-M3-MC:004.000=S9001",20,5.0,MOVE LOT TO FAB,S9001
ZT003-J1NS,N_6HBT8-M3-MC+N_6CUTE-M3-NOSTREET+N_6P07_TWV-ETC+N_6FPOUTS-NS>N_PC,"002.000,N_6HBT8-M3-MC:193.000=U0284",20,235.0,MC PRE CLEAN,U0284
ZT003-J1NS,N_6HBT8-M3-MC+N_6CUTE-M3-NOSTREET+N_6P07_TWV-ETC+N_6FPOUTS-NS>N_PC,"002.000,N_6HBT8-M3-MC:172.000=U0265",20,209.0,M1 PRE CLEAN,U0265
ZT003-J1NS,N_6HBT8-M3-MC+N_6CUTE-M3-NOSTREET+N_6P07_TWV-ETC+N_6FPOUTS-NS>N_PC,"002.000,N_6HBT8-M3-MC:207.000=U0298",20,256.0,V1 POLYIMIDE COAT,U0298
ZT003-J1NS,N_6HBT8-M3-MC+N_6CUTE-M3-NOSTREET+N_6P07_TWV-ETC+N_6FPOUTS-NS>N_PC,"002.000,N_6HBT8-M3-MC:157.000=U0252",20,190.0,RL PRE METAL CLEAN,U0252
ZT003-J1NS,N_6HBT8-M3-MC+N_6CUTE-M3-NOSTREET+N_6P07_TWV-ETC+N_6FPOUTS-NS>N_PC,"002.000,N_6HBT8-M3-MC:118.000=U0219",20,141.0,POST CV ETCH 20 SEC 1:5 HCl DIP,U0219
ZT003-J1NS,N_6HBT8-M3-MC+N_6CUTE-M3-NOSTREET+N_6P07_TWV-ETC+N_6FPOUTS-NS>N_PC,"002.000,N_6HBT8-M3-MC:258.000=U0343",14,321.0,M3 EXPOSE,U0343
ZT003-J1NS,N_6HBT8-M3-MC+N_6CUTE-M3-NOSTREET+N_6P07_TWV-ETC+N_6FPOUTS-NS>N_PC,"002.000,N_6HBT8-M3-MC:219.000=U0308",20,269.0,V1 POLYMER STRIP,U0308
ZT003-J1NS,N_6HBT8-M3-MC+N_6CUTE-M3-NOSTREET+N_6P07_TWV-ETC+N_6FPOUTS-NS>N_PC,"002.000,N_6HBT8-M3-MC:004.000=S9001",20,5.0,MOVE LOT TO FAB,S9001
ZT003-J1NS,N_6HBT8-M3-MC+N_6CUTE-M3-NOSTREET+N_6P07_TWV-ETC+N_6FPOUTS-NS>N_PC,"002.000,N_6HBT8-M3-MC:004.000=S9001",20,5.0,MOVE LOT TO FAB,S9001
ZT003-J1NS,N_6HBT8-M3-MC+N_6CUTE-M3-NOSTREET+N_6P07_TWV-ETC+N_6FPOUTS-NS>N_PC,"002.000,N_6HBT8-M3-MC:157.000=U0252",20,190.0,RL PRE METAL CLEAN,U0252
ZT003-J1NS,N_6HBT8-M3-MC+N_6CUTE-M3-NOSTREET+N_6P07_TWV-ETC+N_6FPOUTS-NS>N_PC,"002.000,N_6HBT8-M3-MC:183.000=U0274",20,220.0,DL HBTMIM PRE CLEAN,U0274
ZT003-J1NS,N_6HBT8-M3-MC+N_6CUTE-M3-NOSTREET+N_6P07_TWV-ETC+N_6FPOUTS-NS>N_PC,"002.000,N_6HBT8-M3-MC:021.000=U0155",20,21.0,EC LIFT OFF INSPECTION,U0155
ZT003-J1NS,N_6HBT8-M3-MC+N_6CUTE-M3-NOSTREET+N_6P07_TWV-ETC+N_6FPOUTS-NS>N_PC,"002.000,N_6HBT8-M3-MC:013.000=U0150",20,14.0,EC PRE METAL CLEAN,U0150
ZT003-J1NS,N_6HBT8-M3-MC+N_6CUTE-M3-NOSTREET+N_6P07_TWV-ETC+N_6FPOUTS-NS>N_PC,"002.000,N_6HBT8-M3-MC:002.000=1NN02",20,3.0,LOTS KITTED AND READY FOR SCRIBE,1NN02
ZT003-J1NS,N_6HBT8-M3-MC+N_6CUTE-M3-NOSTREET+N_6P07_TWV-ETC+N_6FPOUTS-NS>N_PC,"002.000,N_6HBT8-M3-MC:002.000=1NN02",20,3.0,LOTS KITTED AND READY FOR SCRIBE,1NN02
ZT003-J1NS,N_6HBT8-M3-MC+N_6CUTE-M3-NOSTREET+N_6P07_TWV-ETC+N_6FPOUTS-NS>N_PC,"004.000,N_6P07_TWV-ETC:010.700=2S574",19,446.0,PRE - OUTGOING WAFER INSPECTION,2S574
ZT003-J1NS,N_6HBT8-M3-MC+N_6CUTE-M3-NOSTREET+N_6P07_TWV-ETC+N_6FPOUTS-NS>N_PC,"002.000,N_6HBT8-M3-MC:204.000=U0295",20,249.0,DL HBT PASSIVATION,U0210
ZT003-J1NS,N_6HBT8-M3-MC+N_6CUTE-M3-NOSTREET+N_6P07_TWV-ETC+N_6FPOUTS-NS>N_PC,"002.000,N_6HBT8-M3-MC:005.000=S9002",20,6.0,LS FAB START,1S054
ZT003-J1NS,N_6HBT8-M3-MC+N_6CUTE-M3-NOSTREET+N_6P07_TWV-ETC+N_6FPOUTS-NS>N_PC,"002.000,N_6HBT8-M3-MC:005.000=S9002",20,6.0,LS FAB START,1S054
ZT003-J1NS,N_6HBT8-M3-MC+N_6CUTE-M3-NOSTREET+N_6P07_TWV-ETC+N_6FPOUTS-NS>N_PC,"004.000,N_6P07_TWV-ETC:002.000,N_6PROBE:001.000=1S551",20,424.0,FP FUNCTIONAL PROBE,1S551
ZT003-J1NS,N_6HBT8-M3-MC+N_6CUTE-M3-NOSTREET+N_6P07_TWV-ETC+N_6FPOUTS-NS>N_PC,"002.000,N_6HBT8-M3-MC:210.000=U0300",1,260.0,V1 EXPOSE,U0300
ZT003-J1NS,N_6HBT8-M3-MC+N_6CUTE-M3-NOSTREET+N_6P07_TWV-ETC+N_6FPOUTS-NS>N_PC,"004.000,N_6P07_TWV-ETC:001.000=1S567",20,423.0,FP EM RESISTANCE,1S567
ZT003-J1NS,N_6HBT8-M3-MC+N_6CUTE-M3-NOSTREET+N_6P07_TWV-ETC+N_6FPOUTS-NS>N_PC,"002.000,N_6HBT8-M3-MC:220.000=U0309",20,270.0,V1 RESIST STRIP,U0309
ZT003-J1NS,N_6HBT8-M3-MC+N_6CUTE-M3-NOSTREET+N_6P07_TWV-ETC+N_6FPOUTS-NS>N_PC,"002.000,N_6HBT8-M3-MC:030.000=U0105",20,27.0,EM ASM,U0105
ZT003-J1NS,N_6HBT8-M3-MC+N_6CUTE-M3-NOSTREET+N_6P07_TWV-ETC+N_6FPOUTS-NS>N_PC,"002.000,N_6HBT8-M3-MC:004.000=S9001",20,5.0,MOVE LOT TO FAB,S9001
ZT003-J1NS,N_6HBT8-M3-MC+N_6CUTE-M3-NOSTREET+N_6P07_TWV-ETC+N_6FPOUTS-NS>N_PC,"004.000,N_6P07_TWV-ETC:006.000,N_6YIELD_DISP:005.000=1S276",20,439.0,YIELD DISPOSITION,1S276
ZT003-J1NS,N_6HBT8-M3-MC+N_6CUTE-M3-NOSTREET+N_6P07_TWV-ETC+N_6FPOUTS-NS>N_PC,"002.000,N_6HBT8-M3-MC:045.000=U0172",20,46.0,BC 1:5 HCl 30 sec,U0172
ZT003-J1NS,N_6HBT8-M3-MC+N_6CUTE-M3-NOSTREET+N_6P07_TWV-ETC+N_6FPOUTS-NS>N_PC,"002.000,N_6HBT8-M3-MC:211.000=U0301",20,261.0,V1 DEVELOP,U0301
ZT003-J1NS,N_6HBT8-M3-MC+N_6CUTE-M3-NOSTREET+N_6P07_TWV-ETC+N_6FPOUTS-NS>N_PC,"004.000,N_6P07_TWV-ETC:011.000=1S671",1,447.0,OUTGOING WAFER INSPECTION,1S671
ZT003-J1NS,N_6RHBT8_CC_07,008.000=U0229,1,9.0,CC AFTER DEVELOP INSPECTION,U0229
ZT003-J1NS,N_6HBT8-M3-MC+N_6CUTE-M3-NOSTREET+N_6P07_TWV-ETC+N_6FPOUTS-NS>N_PC,"002.000,N_6HBT8-M3-MC:157.000=U0252",20,190.0,RL PRE METAL CLEAN,U0252
ZT003-J1NS,N_6HBT8-M3-MC+N_6CUTE-M3-NOSTREET+N_6P07_TWV-ETC+N_6FPOUTS-NS>N_PC,"002.000,N_6HBT8-M3-MC:172.000=U0265",19,209.0,M1 PRE CLEAN,U0265
ZT003-J1NS,N_6HBT8-M3-MC+N_6CUTE-M3-NOSTREET+N_6P07_TWV-ETC+N_6FPOUTS-NS>N_PC,"004.000,N_6P07_TWV-ETC:002.000,N_6PROBE:001.000=1S551",20,424.0,FP FUNCTIONAL PROBE,1S551
ZT003-J1NS,N_6HBT8-M3-MC+N_6CUTE-M3-NOSTREET+N_6P07_TWV-ETC+N_6FPOUTS-NS>N_PC,"002.000,N_6HBT8-M3-MC:264.000=U0349",20,327.0,M3 SURFACE CLEAN,U0349
ZT003-J1NS,N_6HBT8-M3-MC+N_6CUTE-M3-NOSTREET+N_6P07_TWV-ETC+N_6FPOUTS-NS>N_PC,"002.000,N_6HBT8-M3-MC:157.000=U0252",20,190.0,RL PRE METAL CLEAN,U0252
ZT003-J1NS,N_6HBT8-M3-MC+N_6CUTE-M3-NOSTREET+N_6P07_TWV-ETC+N_6FPOUTS-NS>N_PC,"004.000,N_6P07_TWV-ETC:010.700=2S574",20,446.0,PRE - OUTGOING WAFER INSPECTION,2S574
ZT003-J1NS,N_6HBT8-M3-MC+N_6CUTE-M3-NOSTREET+N_6P07_TWV-ETC+N_6FPOUTS-NS>N_PC,"004.000,N_6P07_TWV-ETC:002.000,N_6PROBE:001.000=1S551",20,424.0,FP FUNCTIONAL PROBE,1S551
ZT003-J1NS,N_6HBT8-M3-MC+N_6CUTE-M3-NOSTREET+N_6P07_TWV-ETC+N_6FPOUTS-NS>N_PC,"002.000,N_6HBT8-M3-MC:171.000=U0264",17,208.0,M1 MATRIX DESCUM,U0264
ZT003-J1NS,N_6HBT8-M3-MC+N_6CUTE-M3-NOSTREET+N_6P07_TWV-ETC+N_6FPOUTS-NS>N_PC,"002.000,N_6HBT8-M3-MC:172.000=U0265",20,209.0,M1 PRE CLEAN,U0265
ZT003-J1NS,N_6HBT8-M3-MC+N_6CUTE-M3-NOSTREET+N_6P07_TWV-ETC+N_6FPOUTS-NS>N_PC,"004.000,N_6P07_TWV-ETC:010.700=2S574",14,446.0,PRE - OUTGOING WAFER INSPECTION,2S574
ZT003-J1NS,N_6HBT8-M3-MC+N_6CUTE-M3-NOSTREET+N_6P07_TWV-ETC+N_6FPOUTS-NS>N_PC,"002.000,N_6HBT8-M3-MC:245.000=U0330",20,304.0,V2 EXPOSE,U0330
ZT003-J1NS,N_6HBT8-M3-MC+N_6CUTE-M3-NOSTREET+N_6P07_TWV-ETC+N_6FPOUTS-NS>N_PC,"002.000,N_6HBT8-M3-MC:204.000=U0295",20,249.0,DL HBT PASSIVATION,U0210
ZT003-J1NS,N_6HBT8-M3-MC+N_6CUTE-M3-NOSTREET+N_6P07_TWV-ETC+N_6FPOUTS-NS>N_PC,"002.000,N_6HBT8-M3-MC:177.000=U0270",20,214.0,M1 LIFT OFF SSEC - TAPE,U0270
ZT003-J1NS,N_6HBT8-M3-MC+N_6CUTE-M3-NOSTREET+N_6P07_TWV-ETC+N_6FPOUTS-NS>N_PC,"002.000,N_6HBT8-M3-MC:004.000=S9001",20,5.0,MOVE LOT TO FAB,S9001
ZT003-J1NS,N_6HBT8-M3-MC+N_6CUTE-M3-NOSTREET+N_6P07_TWV-ETC+N_6FPOUTS-NS>N_PC,"002.000,N_6HBT8-M3-MC:004.000=S9001",20,5.0,MOVE LOT TO FAB,S9001
ZT003-J1NS,N_6HBT8-M3-MC+N_6CUTE-M3-NOSTREET+N_6P07_TWV-ETC+N_6FPOUTS-NS>N_PC,"004.000,N_6P07_TWV-ETC:010.500=1S966",2,445.0,HOLD LOT TYPE,1S966
ZT003-J1NS,N_6HBT8-M3-MC+N_6CUTE-M3-NOSTREET+N_6P07_TWV-ETC+N_6FPOUTS-NS>N_PC,"002.000,N_6HBT8-M3-MC:004.000=S9001",20,5.0,MOVE LOT TO FAB,S9001
ZT003-J1NS,N_6HBT8-M3-MC+N_6CUTE-M3-NOSTREET+N_6P07_TWV-ETC+N_6FPOUTS-NS>N_PC,"002.000,N_6HBT8-M3-MC:161.000=U0256",20,194.0,RL LIFT OFF SSEC - TAPE,U0256
ZT003-J1NS,N_6HBT8-M3-MC+N_6CUTE-M3-NOSTREET+N_6P07_TWV-ETC+N_6FPOUTS-NS>N_PC,"002.000,N_6HBT8-M3-MC:044.000=U0171",20,45.0,BC 400A InGaP ETCH,U0171
ZT003-J1NS,N_6HBT8-M3-MC+N_6CUTE-M3-NOSTREET+N_6P07_TWV-ETC+N_6FPOUTS-NS>N_PC,"002.000,N_6HBT8-M3-MC:042.000=U0169",20,43.0,BC 400A NITRIDE ETCH,U0169
ZT003-J1NS,N_6HBT8-M3-MC+N_6CUTE-M3-NOSTREET+N_6P07_TWV-ETC+N_6FPOUTS-NS>N_PC,"003.000,N_6CUTE-M3-NOSTREET:031.000=1S530",20,403.0,MB PRE-PLATE CLEAN,1S530
ZT003-J1NS,N_6HBT8-M3-MC+N_6CUTE-M3-NOSTREET+N_6P07_TWV-ETC+N_6FPOUTS-NS>N_PC,"003.000,N_6CUTE-M3-NOSTREET:022.000=1S668",20,394.0,VA 20x40 VIA ICP ETCH,1S668
ZT003-J1NS,N_6HBT8-M3-MC+N_6CUTE-M3-NOSTREET+N_6P07_TWV-ETC+N_6FPOUTS-NS>N_PC,"002.000,N_6HBT8-M3-MC:157.000=U0252",20,190.0,RL PRE METAL CLEAN,U0252
ZT003-J1NS,N_6HBT8-M3-MC+N_6CUTE-M3-NOSTREET+N_6P07_TWV-ETC+N_6FPOUTS-NS>N_PC,"002.000,N_6HBT8-M3-MC:064.200=U0135",20,75.0,BP 400A NITRIDE ETCH,U0135
ZT003-J1NS,N_6HBT8-M3-MC+N_6CUTE-M3-NOSTREET+N_6P07_TWV-ETC+N_6FPOUTS-NS>N_PC,"002.000,N_6HBT8-M3-MC:064.200=U0135",20,75.0,BP 400A NITRIDE ETCH,U0135
ZT003-J1NS,N_6HBT8-M3-MC+N_6CUTE-M3-NOSTREET+N_6P07_TWV-ETC+N_6FPOUTS-NS>N_PC,"002.000,N_6HBT8-M3-MC:074.000=U0187",20,87.0,DL PROTECTION MEASUREMENT,U0187
ZT003-J1NS,N_6HBT8-M3-MC+N_6CUTE-M3-NOSTREET+N_6P07_TWV-ETC+N_6FPOUTS-NS>N_PC,"002.000,N_6HBT8-M3-MC:065.000=U0101",20,77.0,BP 400A InGaP/6.2K GaAs ETCH,U0101
ZT003-J1NS,N_6HBT8-M3-MC+N_6CUTE-M3-NOSTREET+N_6P07_TWV-ETC+N_6FPOUTS-NS>N_PC,"002.000,N_6HBT8-M3-MC:203.000=U0294",20,248.0,DL 1KPASS PRE CLEAN,U0294
ZT003-J1NS,N_6HBT8-M3-MC+N_6CUTE-M3-NOSTREET+N_6P07_TWV-ETC+N_6FPOUTS-NS>N_PC,"004.000,N_6P07_TWV-ETC:006.000,N_6YIELD_DISP:005.000=1S276",20,439.0,YIELD DISPOSITION,1S276
ZT003-J1NS,N_6HBT8-M3-MC+N_6CUTE-M3-NOSTREET+N_6P07_TWV-ETC+N_6FPOUTS-NS>N_PC,"002.000,N_6HBT8-M3-MC:044.000=U0171",20,45.0,BC 400A InGaP ETCH,U0171
ZT003-J1NS,N_6HBT8-M3-MC+N_6CUTE-M3-NOSTREET+N_6P07_TWV-ETC+N_6FPOUTS-NS>N_PC,"002.000,N_6HBT8-M3-MC:205.300,N_6AOI_SMPL_MC:002.500=2S588",20,252.0,MC SAMPLE AOI,2S588
ZT003-J1NS,N_6HBT8-M3-MC+N_6CUTE-M3-NOSTREET+N_6P07_TWV-ETC+N_6FPOUTS-NS>N_PC,"002.000,N_6HBT8-M3-MC:197.000=U0288",20,239.0,MC TAPE LIFTOFF,U0288
ZT003-J1NS,N_6HBT8-M3-MC+N_6CUTE-M3-NOSTREET+N_6P07_TWV-ETC+N_6FPOUTS-NS>N_PC,"002.000,N_6HBT8-M3-MC:167.000=U0261",20,204.0,M1 DEVELOP,U0261
ZT003-J1NS,N_6HBT8-M3-MC+N_6CUTE-M3-NOSTREET+N_6P07_TWV-ETC+N_6FPOUTS-NS>N_PC,"002.000,N_6HBT8-M3-MC:230.000=U0317",20,284.0,M2 MATRIX DESCUM,U0317
ZT003-J1NS,N_6HBT8-M3-MC+N_6CUTE-M3-NOSTREET+N_6P07_TWV-ETC+N_6FPOUTS-NS>N_PC,"002.000,N_6HBT8-M3-MC:154.000=U0250",20,187.0,RL DAL NITRIDE ETCH,U0250
ZT003-J1NS,N_6HBT8-M3-MC+N_6CUTE-M3-NOSTREET+N_6P07_TWV-ETC+N_6FPOUTS-NS>N_PC,"003.000,N_6CUTE-M3-NOSTREET:041.000=1S907",20,414.0,TAPE TEST,1S907
ZT003-J1NS,N_6HBT8-M3-MC+N_6CUTE-M3-NOSTREET+N_6P07_TWV-ETC+N_6FPOUTS-NS>N_PC,"004.000,N_6P07_TWV-ETC:001.000=1S567",20,423.0,FP EM RESISTANCE,1S567
ZT003-J1NS,N_6HBT8-M3-MC+N_6CUTE-M3-NOSTREET+N_6P07_TWV-ETC+N_6FPOUTS-NS>N_PC,"002.000,N_6HBT8-M3-MC:157.000=U0252",20,190.0,RL PRE METAL CLEAN,U0252
ZT003-J1NS,N_6HBT8-M3-MC+N_6CUTE-M3-NOSTREET+N_6P07_TWV-ETC+N_6FPOUTS-NS>N_PC,"002.000,N_6HBT8-M3-MC:173.000=U0266",20,210.0,M1 DEPOSITION,U0266
ZT003-J1NS,N_6HBT8-M3-MC+N_6CUTE-M3-NOSTREET+N_6P07_TWV-ETC+N_6FPOUTS-NS>N_PC,"003.000,N_6CUTE-M3-NOSTREET:020.000=1S522",20,392.0,4M PRE-ETCH ASH Close-Couple,1S522
ZT003-J1NS,N_6HBT8-M3-MC+N_6CUTE-M3-NOSTREET+N_6P07_TWV-ETC+N_6FPOUTS-NS>N_PC,"002.000,N_6HBT8-M3-MC:163.000=U0258",20,196.0,RL LIFT OFF INSPECTION,U0258
UJ060-Y4-M3-FCNS,N_6HBT7-M3-MC-FC+N_6P07_FC_NO_PROBE+N_6FPOUTS-FC-NS>N_PC,"003.000,N_6P07_FC_NO_PROBE:001.300,N_6PAD_INSPECT:002.000=2P001",4,278.0,PAD Inspection,2P001
UJ060-Y4-M3-FCNS,N_6RCOPPER_PROCESSFC,012.000=RP113,6,,,
ZT003-Y1NS,N_6HBT8-M3-MC+N_6CUTE-M3+N_6P07_TWV-ETC+N_6FPOUTS-NS>N_PC,"002.000,N_6HBT8-M3-MC:022.000=U0156",20,22.0,EC POST LIFTOFF ASH,U0156
UJ073-Y1-M3-FCNS,N_6HBT7-M3-MC-FC+N_6P07_FC_NO_PROBE+N_6FPOUTS-FC-NS>N_PC,"002.000,N_6HBT7-M3-MC-FC:044.000=T1058",10,45.0,AA PHOTO SURFACE CLEAN,T1058
ZP027-J1NS,N_6BIFET6-M3+N_6CUTE-95M3-NOSTREET+N_6P07_TWV-ETC+N_6FPOUTS-NS>N_PC,"002.000,N_6BIFET6-M3:004.000=8S001",20,5.0,MOVE LOT TO FAB,8S001
ZP027-J1NS,N_6BIFET6-M3+N_6CUTE-95M3-NOSTREET+N_6P07_TWV-ETC+N_6FPOUTS-NS>N_PC,"002.000,N_6BIFET6-M3:002.000=1NN02",20,3.0,LOTS KITTED AND READY FOR SCRIBE,1NN02
ZN001-J1NS,N_6BIHEMT7-P1-M3-MC+N_6CUTE-M3-NOSTREET+N_6P07_TWV-ETC+N_6FPOUTS-NS>N_PC,"002.000,N_6BIHEMT7-P1-M3-MC:146.000=2T121",14,181.0,GL DESCUM,9S104
ZN001-J1NS,N_6BIHEMT7-P1-M3-MC+N_6CUTE-M3-NOSTREET+N_6P07_TWV-ETC+N_6FPOUTS-NS>N_PC,"002.000,N_6BIHEMT7-P1-M3-MC:108.000=2T084",12,135.0,CC PHOTO SURFACE CLEAN,U0224
ZN001-J1NS,N_6BIHEMT7-P1-M3-MC+N_6CUTE-M3-NOSTREET+N_6P07_TWV-ETC+N_6FPOUTS-NS>N_PC,"004.000,N_6P07_TWV-ETC:010.500=1S966",4,485.0,HOLD LOT TYPE,1S966
ZN001-J1NS,N_6BIHEMT7-P1-M3-MC+N_6CUTE-M3-NOSTREET+N_6P07_TWV-ETC+N_6FPOUTS-NS>N_PC,"002.000,N_6BIHEMT7-P1-M3-MC:146.000=2T121",20,181.0,GL DESCUM,9S104
ZN001-J1NS,N_6BIHEMT7-P1-M3-MC+N_6CUTE-M3-NOSTREET+N_6P07_TWV-ETC+N_6FPOUTS-NS>N_PC,"004.000,N_6P07_TWV-ETC:010.500=1S966",3,485.0,HOLD LOT TYPE,1S966
ZN001-J1NS,N_6BIHEMT7-P1-M3-MC+N_6CUTE-M3-NOSTREET+N_6P07_TWV-ETC+N_6FPOUTS-NS>N_PC,"002.000,N_6BIHEMT7-P1-M3-MC:139.000=2T114",6,174.0,GL PHOTO SURFACE CLEAN,U0197
ZN001-J1NS,N_6BIHEMT7-P1-M3-MC+N_6CUTE-M3-NOSTREET+N_6P07_TWV-ETC+N_6FPOUTS-NS>N_PC,"002.000,N_6BIHEMT7-P1-M3-MC:184.000=2T150",12,229.0,RL DAL NITRIDE ETCH,U0250
ZN001-J1NS,N_6BIHEMT7-P1-M3-MC+N_6CUTE-M3-NOSTREET+N_6P07_TWV-ETC+N_6FPOUTS-NS>N_PC,"002.000,N_6BIHEMT7-P1-M3-MC:115.000=2T091",8,142.0,CC MATRIX DESCUM,U0239
ZN001-J1NS,N_6BIHEMT7-P1-M3-MC+N_6CUTE-M3-NOSTREET+N_6P07_TWV-ETC+N_6FPOUTS-NS>N_PC,"004.000,N_6P07_TWV-ETC:010.700=2S574",19,486.0,PRE - OUTGOING WAFER INSPECTION,2S574
UT052-Y2-M3-FCNS,N_6HBT8-M3-MC-FC+N_6P07_FC_NO_PROBE+N_6FPOUTS-FC-NS>N_PC,"002.000,N_6HBT8-M3-MC-FC:087.000=U0197",20,106.0,GL PHOTO SURFACE CLEAN,U0197
UH125-Y1NS,N_6HBT6-MC+N_6CUTE-M3+N_6P07_TWV-ETC+N_6FPOUTS-NS>N_PC,"004.000,N_6P07_TWV-ETC:002.000,N_6PROBE:001.000=1S551",2,294.0,FP FUNCTIONAL PROBE,1S551
UT030-Y1-M3-FCNS,N_6HBT8-M3-MC-FC+N_6P07_FC_NO_PROBE+N_6FPOUTS-FC-NS>N_PC,"002.000,N_6HBT8-M3-MC-FC:215.000=UC304",20,259.99,V1 ETCH,UC304
UT058-Y4-M3-FCNS,N_6HBT8-M3-MC-FC+N_6P07_FC_NO_PROBE+N_6FPOUTS-FC-NS>N_PC,"002.000,N_6HBT8-M3-MC-FC:089.000=U0142",9,108.0,GL_17 EXPOSE,U0142
UT025-Y3-M3-FCNS,N_6HBT8-M3-MC-FC+N_6P07_FC_NO_PROBE+N_6FPOUTS-FC-NS>N_PC,"002.000,N_6HBT8-M3-MC-FC:209.000=U0299",20,254.0,V1 RESIST COAT,U0299
UT025-Y3-M3-FCNS,N_6HBT8-M3-MC-FC+N_6P07_FC_NO_PROBE+N_6FPOUTS-FC-NS>N_PC,"003.000,N_6P07_FC_NO_PROBE:006.000=1S897",2,372.0,OUTGOING WAFER INSPECTION,1S671
UT033-Y4-M3-FCNS,N_6HBT8-M3-MC-FC+N_6P07_FC_NO_PROBE+N_6FPOUTS-FC-NS>N_PC,"002.000,N_6HBT8-M3-MC-FC:241.000=U0327",2,290.0,V2 PHOTO SURFACE CLEAN SHORT,U0327
UT033-Y4-M3-FCNS,N_6HBT8-M3-MC-FC+N_6P07_FC_NO_PROBE+N_6FPOUTS-FC-NS>N_PC,"002.000,N_6HBT8-M3-MC-FC:241.000=U0327",20,290.0,V2 PHOTO SURFACE CLEAN SHORT,U0327
UT033-Y4-M3-FCNS,N_6HBT8-M3-MC-FC+N_6P07_FC_NO_PROBE+N_6FPOUTS-FC-NS>N_PC,"002.000,N_6HBT8-M3-MC-FC:241.000=U0327",5,290.0,V2 PHOTO SURFACE CLEAN SHORT,U0327
UT033-Y4-M3-FCNS,N_6HBT8-M3-MC-FC+N_6P07_FC_NO_PROBE+N_6FPOUTS-FC-NS>N_PC,"002.000,N_6HBT8-M3-MC-FC:241.000=U0327",1,290.0,V2 PHOTO SURFACE CLEAN SHORT,U0327
ZR010-J3NS,N_6BIHEMT5-M3_1+N_6CUTE-M3-NOSTREET+N_6P07_TWV-ETC+N_6FPOUTS-NS>N_PC,"002.000,N_6BIHEMT5-M3_1:081.000=9S450",10,82.0,CP WET ETCH 2,2T350
UT037-Y1-M3-FCNS,N_6HBT8-M3-MC-FC+N_6P07_FC_NO_PROBE+N_6FPOUTS-FC-NS>N_PC,"002.000,N_6HBT8-M3-MC-FC:087.000=U0197",10,106.0,GL PHOTO SURFACE CLEAN,U0197
ZR037-J1NS,N_6RAOI_INSPECT,001.000=2S386,20,,,
ZM066-K1NS,N_6HBT6-MC+N_6CUTE-NOSTREET+N_6P07_TWV-ETC+N_6FPOUTS-NS>N_PC,"002.000,N_6HBT6-MC:034.000=7S027",10,34.0,CC PHOTO SURFACE CLEAN,U0224
ZM066-K1NS,N_6HBT6-MC+N_6CUTE-NOSTREET+N_6P07_TWV-ETC+N_6FPOUTS-NS>N_PC,"002.000,N_6HBT6-MC:062.000=7S049",6,62.0,AA LOW ENERGY IMPLANT,U0127
ZM066-K1NS,N_6HBT6-MC+N_6CUTE-NOSTREET+N_6P07_TWV-ETC+N_6FPOUTS-NS>N_PC,"004.000,N_6P07_TWV-ETC:002.000,N_6PROBE:001.000=1S551",10,283.0,FP FUNCTIONAL PROBE,1S551
UT040-Y3-M3-FCNS,N_6HBT8-M3-MC-FC+N_6P07_FC_NO_PROBE+N_6FPOUTS-FC-NS>N_PC,"002.000,N_6HBT8-M3-MC-FC:087.000=U0197",20,106.0,GL PHOTO SURFACE CLEAN,U0197
UT041-Y2-M3-FCNS,N_6HBT8-M3-MC-FC+N_6P07_FC_NO_PROBE+N_6FPOUTS-FC-NS>N_PC,"003.000,N_6P07_FC_NO_PROBE:006.000=1S897",20,372.0,OUTGOING WAFER INSPECTION,1S671
UT035-Y3-M3-FCNS,N_6HBT8-M3-MC-FC+N_6P07_FC_NO_PROBE+N_6FPOUTS-FC-NS>N_PC,"002.000,N_6HBT8-M3-MC-FC:292.000=U0390",17,357.0,FP DC DATA REVIEW,U0390
UT035-Y3-M3-FCNS,N_6HBT8-M3-MC-FC+N_6P07_FC_NO_PROBE+N_6FPOUTS-FC-NS>N_PC,"003.000,N_6P07_FC_NO_PROBE:006.000=1S897",4,372.0,OUTGOING WAFER INSPECTION,1S671
UT035-Y3-M3-FCNS,N_6HBT8-M3-MC-FC+N_6P07_FC_NO_PROBE+N_6FPOUTS-FC-NS>N_PC,"002.000,N_6HBT8-M3-MC-FC:292.000=U0390",20,357.0,FP DC DATA REVIEW,U0390
UT035-Y3-M3-FCNS,N_6HBT8-M3-MC-FC+N_6P07_FC_NO_PROBE+N_6FPOUTS-FC-NS>N_PC,"002.000,N_6HBT8-M3-MC-FC:145.000=U0243",9,175.0,RL PHOTO SURFACE CLEAN,U0243
UT035-Y3-M3-FCNS,N_6HBT8-M3-MC-FC+N_6P07_FC_NO_PROBE+N_6FPOUTS-FC-NS>N_PC,"002.000,N_6HBT8-M3-MC-FC:292.000=U0390",20,357.0,FP DC DATA REVIEW,U0390
ZT004-J1NS,N_6HBT8-M3-MC+N_6CUTE-95M3-NOSTREET+N_6P07_TWV-ETC+N_6FPOUTS-NS>N_PC,"004.000,N_6P07_TWV-ETC:010.700=2S574",2,446.0,PRE - OUTGOING WAFER INSPECTION,2S574
ZT004-J1NS,N_6RHBT8_M3_14,004.000=U0343,1,5.0,M3 EXPOSE,U0343
ZT004-J1NS,N_6RFPO_RWK,001.000=1T103,13,,,
ZJ021-J1NS,N_6HBT7-M3-MC+N_6CUTE-M3-NOSTREET+N_6P07_TWV-ETC+N_6FPOUTS-NS>N_PC,"004.000,N_6P07_TWV-ETC:011.000=1S671",8,353.0,OUTGOING WAFER INSPECTION,1S671
ZJ021-J1NS,N_6HBT7-M3-MC+N_6CUTE-M3-NOSTREET+N_6P07_TWV-ETC+N_6FPOUTS-NS>N_PC,"004.000,N_6P07_TWV-ETC:001.000=1S567",19,329.0,FP EM RESISTANCE,1S567
ZJ021-J1NS,N_6HBT7-M3-MC+N_6CUTE-M3-NOSTREET+N_6P07_TWV-ETC+N_6FPOUTS-NS>N_PC,"004.000,N_6P07_TWV-ETC:010.700=2S574",20,352.0,PRE - OUTGOING WAFER INSPECTION,2S574
UG066-Y2-BM3NS,N_6BIFET6-M3-MC+N_6CUTE-M3+N_6P07_TWV-ETC+N_6FPOUTS-NS>N_PC,"002.000,N_6BIFET6-M3-MC:131.000=8S099",10,157.0,CV 1400A NITRIDE VIA ETCH,8S099
ZN030-J1NS,N_6BIHEMT7-P1-M3-MC+N_6CUTE-M3-NOSTREET+N_6P07_TWV-ETC+N_6FPOUTS-NS>N_PC,"003.000,N_6CUTE-M3-NOSTREET:031.000=1S530",15,443.0,MB PRE-PLATE CLEAN,1S530
ZN030-J1NS,N_6BIHEMT7-P1-M3-MC+N_6CUTE-M3-NOSTREET+N_6P07_TWV-ETC+N_6FPOUTS-NS>N_PC,"003.000,N_6CUTE-M3-NOSTREET:023.000=1S950",5,435.0,VA ETCH INSPECTION,1S950
ZN030-J1NS,N_6BIHEMT7-P1-M3-MC+N_6CUTE-M3-NOSTREET+N_6P07_TWV-ETC+N_6FPOUTS-NS>N_PC,"003.000,N_6CUTE-M3-NOSTREET:008.000=1S651",2,420.0,4M M3 GRIND,1S651
ZN030-J1NS,N_6BIHEMT7-P1-M3-MC+N_6CUTE-M3-NOSTREET+N_6P07_TWV-ETC+N_6FPOUTS-NS>N_PC,"002.000,N_6BIHEMT7-P1-M3-MC:057.000=2T038",19,68.0,BP EXPOSE,U0179
ZN030-J1NS,N_6BIHEMT7-P1-M3-MC+N_6CUTE-M3-NOSTREET+N_6P07_TWV-ETC+N_6FPOUTS-NS>N_PC,"002.000,N_6BIHEMT7-P1-M3-MC:005.000=9S002",20,6.0,LS FAB START,1S054
ZN030-J1NS,N_6BIHEMT7-P1-M3-MC+N_6CUTE-M3-NOSTREET+N_6P07_TWV-ETC+N_6FPOUTS-NS>N_PC,"002.000,N_6BIHEMT7-P1-M3-MC:128.000=2T102",20,159.0,AA EXPOSE,U0190
ZN030-J1NS,N_6BIHEMT7-P1-M3-MC+N_6CUTE-M3-NOSTREET+N_6P07_TWV-ETC+N_6FPOUTS-NS>N_PC,"004.000,N_6P07_TWV-ETC:010.500=1S966",19,485.0,HOLD LOT TYPE,1S966
ZN030-J1NS,N_6BIHEMT7-P1-M3-MC+N_6CUTE-M3-NOSTREET+N_6P07_TWV-ETC+N_6FPOUTS-NS>N_PC,"004.000,N_6P07_TWV-ETC:006.000,N_6YIELD_DISP:005.000=1S276",20,479.0,YIELD DISPOSITION,1S276
ZN030-J1NS,N_6BIHEMT7-P1-M3-MC+N_6CUTE-M3-NOSTREET+N_6P07_TWV-ETC+N_6FPOUTS-NS>N_PC,"002.000,N_6BIHEMT7-P1-M3-MC:055.000=2T387",20,66.0,BP PHOTO DESCUM,U0140
ZN030-J1NS,N_6RAOI_INSPECT,001.000=2S386,6,,,
ZN030-J1NS,N_6BIHEMT7-P1-M3-MC+N_6CUTE-M3-NOSTREET+N_6P07_TWV-ETC+N_6FPOUTS-NS>N_PC,"002.000,N_6BIHEMT7-P1-M3-MC:128.000=2T102",20,159.0,AA EXPOSE,U0190
ZN030-J1NS,N_6BIHEMT7-P1-M3-MC+N_6CUTE-M3-NOSTREET+N_6P07_TWV-ETC+N_6FPOUTS-NS>N_PC,"004.000,N_6P07_TWV-ETC:010.500=1S966",19,485.0,HOLD LOT TYPE,1S966
ZN030-J1NS,N_6BIHEMT7-P1-M3-MC+N_6CUTE-M3-NOSTREET+N_6P07_TWV-ETC+N_6FPOUTS-NS>N_PC,"002.000,N_6BIHEMT7-P1-M3-MC:103.000=2T079",20,124.0,CP POST ETCH,2T079
ZN030-J1NS,N_6BIHEMT7-P1-M3-MC+N_6CUTE-M3-NOSTREET+N_6P07_TWV-ETC+N_6FPOUTS-NS>N_PC,"002.000,N_6BIHEMT7-P1-M3-MC:195.000=2T157",20,244.0,M1 RESIST COAT,U0259
ZN030-J1NS,N_6BIHEMT7-P1-M3-MC+N_6CUTE-M3-NOSTREET+N_6P07_TWV-ETC+N_6FPOUTS-NS>N_PC,"002.000,N_6BIHEMT7-P1-M3-MC:055.000=2T387",20,66.0,BP PHOTO DESCUM,U0140
ZN030-J1NS,N_6RFPO_RWK,001.000=1T105,7,1.0,Lot Engineering to Provide Disposition,1T105
ZN030-J1NS,N_6RFPO_RWK,001.000=1T105,2,1.0,Lot Engineering to Provide Disposition,1T105
ZN030-J1NS,N_6BIHEMT7-P1-M3-MC+N_6CUTE-M3-NOSTREET+N_6P07_TWV-ETC+N_6FPOUTS-NS>N_PC,"004.000,N_6P07_TWV-ETC:006.000,N_6YIELD_DISP:005.000=1S276",19,479.0,YIELD DISPOSITION,1S276
ZN030-J1NS,N_6BIHEMT7-P1-M3-MC+N_6CUTE-M3-NOSTREET+N_6P07_TWV-ETC+N_6FPOUTS-NS>N_PC,"002.000,N_6BIHEMT7-P1-M3-MC:139.000=2T114",14,174.0,GL PHOTO SURFACE CLEAN,U0197
ZN030-J1NS,N_6BIHEMT7-P1-M3-MC+N_6CUTE-M3-NOSTREET+N_6P07_TWV-ETC+N_6FPOUTS-NS>N_PC,"002.000,N_6BIHEMT7-P1-M3-MC:139.000=2T114",20,174.0,GL PHOTO SURFACE CLEAN,U0197
ZN030-J1NS,N_6BIHEMT7-P1-M3-MC+N_6CUTE-M3-NOSTREET+N_6P07_TWV-ETC+N_6FPOUTS-NS>N_PC,"002.000,N_6BIHEMT7-P1-M3-MC:287.000=2T235",20,359.0,M3 ADHESION,U0341
ZN030-J1NS,N_6BIHEMT7-P1-M3-MC+N_6CUTE-M3-NOSTREET+N_6P07_TWV-ETC+N_6FPOUTS-NS>N_PC,"004.000,N_6P07_TWV-ETC:010.700=2S574",10,486.0,PRE - OUTGOING WAFER INSPECTION,2S574
ZN030-J1NS,N_6BIHEMT7-P1-M3-MC+N_6CUTE-M3-NOSTREET+N_6P07_TWV-ETC+N_6FPOUTS-NS>N_PC,"004.000,N_6P07_TWV-ETC:010.500=1S966",8,485.0,HOLD LOT TYPE,1S966
ZN030-J1NS,N_6BIHEMT7-P1-M3-MC+N_6CUTE-M3-NOSTREET+N_6P07_TWV-ETC+N_6FPOUTS-NS>N_PC,"004.000,N_6P07_TWV-ETC:010.500=1S966",8,485.0,HOLD LOT TYPE,1S966
ZN030-J1NS,N_6BIHEMT7-P1-M3-MC+N_6CUTE-M3-NOSTREET+N_6P07_TWV-ETC+N_6FPOUTS-NS>N_PC,"002.000,N_6BIHEMT7-P1-M3-MC:224.000=2T180",20,278.0,MC PRE CLEAN,U0284
ZN030-J1NS,N_6BIHEMT7-P1-M3-MC+N_6CUTE-M3-NOSTREET+N_6P07_TWV-ETC+N_6FPOUTS-NS>N_PC,"002.000,N_6BIHEMT7-P1-M3-MC:133.000=2T108",20,164.0,AA LOW ENERGY IMPLANT,U0127
ZN030-J1NS,N_6BIHEMT7-P1-M3-MC+N_6CUTE-M3-NOSTREET+N_6P07_TWV-ETC+N_6FPOUTS-NS>N_PC,"002.000,N_6BIHEMT7-P1-M3-MC:023.000=2T010",12,23.0,EM 1K InGaAs/1.5K GaAs ETCH,9S021
ZN030-J1NS,N_6BIHEMT7-P1-M3-MC+N_6CUTE-M3-NOSTREET+N_6P07_TWV-ETC+N_6FPOUTS-NS>N_PC,"002.000,N_6BIHEMT7-P1-M3-MC:091.000=2T067",20,111.0,CP PHOTO SURFACE CLEAN,2T067
ZP054-Y2NS,N_6BIFET6-M3-MC+N_6CUTE-M3+N_6P07_TWV-ETC+N_6FPOUTS-NS>N_PC,"002.000,N_6BIFET6-M3-MC:080.000=8S065",20,96.0,BC PHOTO SURFACE CLEAN,7S053
ZP054-Y2NS,N_6BIFET6-M3-MC+N_6CUTE-M3+N_6P07_TWV-ETC+N_6FPOUTS-NS>N_PC,"004.000,N_6P07_TWV-ETC:006.000,N_6YIELD_DISP:005.000=1S276",17,416.0,YIELD DISPOSITION,1S276
ZP054-Y2NS,N_6BIFET6-M3-MC+N_6CUTE-M3+N_6P07_TWV-ETC+N_6FPOUTS-NS>N_PC,"004.000,N_6P07_TWV-ETC:006.000,N_6YIELD_DISP:005.000=1S276",1,416.0,YIELD DISPOSITION,1S276
ZP054-Y2NS,N_6BIFET6-M3-MC+N_6CUTE-M3+N_6P07_TWV-ETC+N_6FPOUTS-NS>N_PC,"004.000,N_6P07_TWV-ETC:006.000,N_6YIELD_DISP:005.000=1S276",1,416.0,YIELD DISPOSITION,1S276
ZG052-K1NS,N_6HBT5-M3_1+N_6CUTE-M3-NOSTREET+N_6P07_TWV-ETC+N_6FPOUTS-NS>N_PC,"003.000,N_6CUTE-M3-NOSTREET:036.000=1S330",20,308.0,MB COPPER PLATE,1S330
ZG052-K1NS,N_6HBT5-M3_1+N_6CUTE-M3-NOSTREET+N_6P07_TWV-ETC+N_6FPOUTS-NS>N_PC,"003.000,N_6CUTE-M3-NOSTREET:031.000=1S530",19,302.0,MB PRE-PLATE CLEAN,1S530
ZG052-K1NS,N_6HBT5-M3_1+N_6CUTE-M3-NOSTREET+N_6P07_TWV-ETC+N_6FPOUTS-NS>N_PC,"003.000,N_6CUTE-M3-NOSTREET:041.000=1S907",20,313.0,TAPE TEST,1S907
ZR037-K1NS,N_6BIHEMT5-M3-MC_1+N_6CUTE-M3-NOSTREET+N_6P07_TWV-ETC+N_6FPOUTS-NS>N_PC,"002.000,N_6BIHEMT5-M3-MC_1:064.000=9S048",20,65.0,BO GaAs ETCH,2T060
ZG069-J1NS,N_6HBT5-M3-MC+N_6CUTE-95M3-T1-NOSTREET+N_6P07_TWV-ETC+N_6FPOUTS-NS>N_PC,"004.000,N_6P07_TWV-ETC:010.700=2S574",4,416.0,PRE - OUTGOING WAFER INSPECTION,2S574
ZG069-J1NS,N_6HBT5-M3-MC+N_6CUTE-95M3-T1-NOSTREET+N_6P07_TWV-ETC+N_6FPOUTS-NS>N_PC,"004.000,N_6P07_TWV-ETC:010.700=2S574",4,416.0,PRE - OUTGOING WAFER INSPECTION,2S574
ZG069-K1NS,N_6HBT5-M3-MC+N_6CUTE-95M3-T1-NOSTREET+N_6P07_TWV-ETC+N_6FPOUTS-NS>N_PC,"004.000,N_6P07_TWV-ETC:002.000,N_6PROBE:001.000=1S551",9,394.0,FP FUNCTIONAL PROBE,1S551
ZG069-K1NS,N_6HBT5-M3-MC+N_6CUTE-95M3-T1-NOSTREET+N_6P07_TWV-ETC+N_6FPOUTS-NS>N_PC,"002.000,N_6HBT5-M3-MC:120.000=5S430",20,144.0,CC LIFT OFF SSEC INSPECTION,U0238
ZG069-K1NS,N_6SL-TWV-HIFLOW,024.000=5S198,10,23.0,SP THICK COAT,U0362
ZJ006-K1NS,N_6HBT7-M3-MC+N_6CUTE-95M3-NOSTREET+N_6P07_TWV-ETC+N_6FPOUTS-NS>N_PC,"004.000,N_6P07_TWV-ETC:010.500=1S966",20,351.0,HOLD LOT TYPE,1S966
ZJ006-K1NS,N_6HBT7-M3-MC+N_6CUTE-95M3-NOSTREET+N_6P07_TWV-ETC+N_6FPOUTS-NS>N_PC,"004.000,N_6P07_TWV-ETC:010.700=2S574",18,352.0,PRE - OUTGOING WAFER INSPECTION,2S574
UT067-Y1-M3NS,N_6HBT8-M3-MC+N_6CUTE-M3+N_6P03_TWV_NO_PROBE+N_6FPOUTS-NS>N_PC,"002.000,N_6HBT8-M3-MC:238.000=U0325",20,292.0,M2 LIFT OFF TAPE INSPECTION,U0325
UT067-Y1-M3NS,N_6HBT8-M3-MC+N_6CUTE-M3+N_6P03_TWV_NO_PROBE+N_6FPOUTS-NS>N_PC,"002.000,N_6HBT8-M3-MC:087.000=U0197",10,109.0,GL PHOTO SURFACE CLEAN,U0197
UT027-Y1-M3-FCNS,N_6HBT8-M3-MC-FC+N_6P07_FC_NO_PROBE+N_6FPOUTS-FC-NS>N_PC,"002.000,N_6HBT8-M3-MC-FC:087.000=U0197",10,106.0,GL PHOTO SURFACE CLEAN,U0197
ZH099-J1NS,N_6BIFET5-M3-MC+N_6CUTE-M3-NOSTREET+N_6P07_TWV-ETC+N_6FPOUTS-NS>N_PC,"004.000,N_6P07_TWV-ETC:010.700=2S574",20,388.0,PRE - OUTGOING WAFER INSPECTION,2S574
ZR029-K1NS,N_6BIHEMT5-M3-MC_1+N_6CUTE-M3-NOSTREET+N_6P07_TWV-ETC+N_6FPOUTS-NS>N_PC,"002.000,N_6BIHEMT5-M3-MC_1:001.000=1N982",20,2.0,SAP LOT START,1N982
ZR029-K1NS,N_6BIHEMT5-M3-MC_1+N_6CUTE-M3-NOSTREET+N_6P07_TWV-ETC+N_6FPOUTS-NS>N_PC,"002.000,N_6BIHEMT5-M3-MC_1:128.000=9S104",20,130.0,GL DESCUM,9S104
ZR009-K1NS,N_6BIHEMT5-M3_1+N_6CUTE-M3-NOSTREET+N_6P07_TWV-ETC+N_6FPOUTS-NS>N_PC,"004.000,N_6P07_TWV-ETC:011.000=1S671",20,405.0,OUTGOING WAFER INSPECTION,1S671
ZR029-J1NS,N_6BIHEMT5-M3-MC_1+N_6CUTE-M3-NOSTREET+N_6P07_TWV-ETC+N_6FPOUTS-NS>N_PC,"004.000,N_6P07_TWV-ETC:002.000,N_6PROBE:001.000=1S551",20,393.0,FP FUNCTIONAL PROBE,1S551
UT078-Y1-M3-FCNS,N_6HBT8-M3-MC-FC+N_6P07_FC_NO_PROBE+N_6FPOUTS-FC-NS>N_PC,"002.000,N_6HBT8-M3-MC-FC:099.000=U0207",20,119.0,GL LIFT OFF SSEC - TAPE,U0207
UT078-Y1-M3-FCNS,N_6HBT8-M3-MC-FC+N_6P07_FC_NO_PROBE+N_6FPOUTS-FC-NS>N_PC,"002.000,N_6HBT8-M3-MC-FC:021.000=U0155",20,21.0,EC LIFT OFF INSPECTION,U0155
ZJ010-J1NS,N_6HBT7-M3-MC+N_6CUTE-M3-NOSTREET+N_6P07_TWV-ETC+N_6FPOUTS-NS>N_PC,"004.000,N_6P07_TWV-ETC:010.500=1S966",10,351.0,HOLD LOT TYPE,1S966
ZJ010-J1NS,N_6HBT7-M3-MC+N_6CUTE-M3-NOSTREET+N_6P07_TWV-ETC+N_6FPOUTS-NS>N_PC,"004.000,N_6P07_TWV-ETC:006.000,N_6YIELD_DISP:005.000=1S276",10,345.0,YIELD DISPOSITION,1S276
ZJ010-J1NS,N_6HBT7-M3-MC+N_6CUTE-M3-NOSTREET+N_6P07_TWV-ETC+N_6FPOUTS-NS>N_PC,"004.000,N_6P07_TWV-ETC:011.000=1S671",10,353.0,OUTGOING WAFER INSPECTION,1S671
ZJ017-Y1NS,N_6HBT7-M3-MC-FC+N_6P07_FC_NO_PROBE+N_6FPOUTS-FC-NS>N_PC,"003.000,N_6P07_FC_NO_PROBE:003.000=1S990",9,286.01,OUTGOING WAFER INSPECTION,1S990
ZJ020-J1NS,N_6HBT7-M3-MC-FC+N_6P07_FC_NO_PROBE+N_6FPOUTS-FC-NS>N_PC,"003.000,N_6P07_FC_NO_PROBE:002.000,N_MAPMERGE:002.000=1S844",20,274.99,MAP MERGE,1S844
ZJ020-J1NS,N_6HBT7-M3-MC-FC+N_6P07_FC_NO_PROBE+N_6FPOUTS-FC-NS>N_PC,"003.000,N_6P07_FC_NO_PROBE:002.000,N_MAPMERGE:002.000=1S844",20,274.99,MAP MERGE,1S844
ZJ021-J2NS,N_6HBT7-M3-MC+N_6CUTE-M3-NOSTREET+N_6P07_TWV-ETC+N_6FPOUTS-NS>N_PC,"004.000,N_6P07_TWV-ETC:007.000,N_6SIGNIF_SPLIT:002.000=1S946",4,347.0,SPLIT WAFERS,1S946
ZJ021-J2NS,N_6HBT7-M3-MC+N_6CUTE-M3-NOSTREET+N_6P07_TWV-ETC+N_6FPOUTS-NS>N_PC,"004.000,N_6P07_TWV-ETC:010.500=1S966",10,351.0,HOLD LOT TYPE,1S966
ZJ021-J2NS,N_6HBT7-M3-MC+N_6CUTE-M3-NOSTREET+N_6P07_TWV-ETC+N_6FPOUTS-NS>N_PC,"002.000,N_6HBT7-M3-MC:211.000=T1202",20,215.0,M2 ASM,U0120
ZJ021-J2NS,N_6HBT7-M3-MC+N_6CUTE-M3-NOSTREET+N_6P07_TWV-ETC+N_6FPOUTS-NS>N_PC,"002.000,N_6HBT7-M3-MC:263.000=T1251",15,275.0,FP DC DATA REVIEW,T1251
ZJ021-J2NS,N_6HBT7-M3-MC+N_6CUTE-M3-NOSTREET+N_6P07_TWV-ETC+N_6FPOUTS-NS>N_PC,"004.000,N_6P07_TWV-ETC:010.500=1S966",9,351.0,HOLD LOT TYPE,1S966
ZT031-Y2NS,N_6HBT8-M3-MC-FC+N_6P07_FC_NO_PROBE+N_6FPOUTS-FC-NS>N_PC,"002.000,N_6HBT8-M3-MC-FC:089.000=U0142",10,108.0,GL_17 EXPOSE,U0142
UT060-Y1-M3-FCNS,N_6HBT8-M3-MC-FC+N_6P07_FC_NO_PROBE+N_6FPOUTS-FC-NS>N_PC,"002.000,N_6HBT8-M3-MC-FC:087.000=U0197",10,106.0,GL PHOTO SURFACE CLEAN,U0197
ZN032-Y1NS,N_6RFPO_RWK,001.000=1T103,1,,,
ZP003-N1NS,N_6RMXL_TAPE_MT,002.000=1T103,1,2.0,OUTGOING WAFER INSPECTION REWORK,1T103
ZP003-N1NS,N_6BIFET6-M3-MC+N_6CUTE-M3-NOSTREET+N_6P07_TWV-ETC+N_6FPOUTS-NS>N_PC,"004.000,N_6P07_TWV-ETC:010.500=1S966",4,411.0,HOLD LOT TYPE,1S966
ZP003-N1NS,N_6BIFET6-M3-MC+N_6CUTE-M3-NOSTREET+N_6P07_TWV-ETC+N_6FPOUTS-NS>N_PC,"004.000,N_6P07_TWV-ETC:010.500=1S966",8,411.0,HOLD LOT TYPE,1S966
ZR052-J1NS,N_6BIHEMT5-M3-MC_1+N_6CUTE-M3-NOSTREET+N_6P07_TWV-ETC+N_6FPOUTS-NS>N_PC,"002.000,N_6BIHEMT5-M3-MC:168.000=9S396",20,169.01,CV RESIST COAT,5S304
ZR052-J1NS,N_6BIHEMT5-M3-MC_1+N_6CUTE-M3-NOSTREET+N_6P07_TWV-ETC+N_6FPOUTS-NS>N_PC,"004.000,N_6P07_TWV-ETC:006.000,N_6YIELD_DISP:003.000=1S276",15,407.0,YIELD DISPOSITION,1S276
ZR052-J1NS,N_6BIHEMT5-M3-MC_1+N_6CUTE-M3-NOSTREET+N_6P07_TWV-ETC+N_6FPOUTS-NS>N_PC,"003.000,N_6CUTE-M3-NOSTREET:001.000=1S309",8,342.0,MEASURE WAFER THICKNESS,1S309
ZR052-J1NS,N_6BIHEMT5-M3-MC_1+N_6CUTE-M3-NOSTREET+N_6P07_TWV-ETC+N_6FPOUTS-NS>N_PC,"002.000,N_6BIHEMT5-M3-MC:314.000,N_6AOI_INSPECT:001.000=2S291",10,318.01,AOI INSPECTION,2S291
ZR052-J1NS,N_6BIHEMT5-M3-MC_1+N_6CUTE-M3-NOSTREET+N_6P07_TWV-ETC+N_6FPOUTS-NS>N_PC,"004.000,N_6P07_TWV-ETC:006.000,N_6YIELD_DISP:005.000=1S276",10,408.0,YIELD DISPOSITION,1S276
ZR052-J1NS,N_6BIHEMT5-M3-MC_1+N_6CUTE-M3-NOSTREET+N_6P07_TWV-ETC+N_6FPOUTS-NS>N_PC,"003.000,N_6CUTE-M3-NOSTREET:026.000=1S811",20,367.0,MB PRE-SEED ASH Close-cuple,1S811
ZR057-J1NS,N_6BIHEMT5-M3-MC_1+N_6CUTE-NOSTREET+N_6P07_TWV-ETC+N_6FPOUTS-NS>N_PC,"002.000,N_6BIHEMT5-M3-MC_1:329.000=9S238",1,,,
ZR057-J1NS,N_6BIHEMT5-M3-MC_1+N_6CUTE-M3-NOSTREET+N_6P07_TWV-ETC+N_6FPOUTS-NS>N_PC,"004.000,N_6P07_TWV-ETC:006.000,N_6YIELD_DISP:005.000=1S276",18,408.0,YIELD DISPOSITION,1S276
ZM043-K1NS,N_6HBT6-M3-MC+N_6CUTE-M3-NOSTREET+N_6P07_TWV-ETC+N_6FPOUTS-NS>N_PC,"002.000,N_6HBT6-M3-MC:131.000=7S247",20,129.0,PUT MATRIX TOOL IN STANDBY,7S247
ZM043-K1NS,N_6HBT6-M3-MC+N_6CUTE-M3-NOSTREET+N_6P07_TWV-ETC+N_6FPOUTS-NS>N_PC,"002.000,N_6HBT6-M3-MC:112.000=7S082",20,110.0,CV EXPOSE,U0214
ZM059-K1NS,N_6HBT6-MC+N_6CUTE-NOSTREET+N_6P07_TWV-ETC+N_6FPOUTS-NS>N_PC,"002.000,N_6HBT6-MC:182.000=7S125",20,182.0,V1 POLYMER STRIP,U0308
ZM044-J1NS,N_6HBT6-M3-MC+N_6CUTE-M3-NOSTREET+N_6P07_TWV-ETC+N_6FPOUTS-NS>N_PC,"004.000,N_6P07_TWV-ETC:010.700=2S574",10,339.0,PRE - OUTGOING WAFER INSPECTION,2S574
ZM044-J1NS,N_6HBT6-M3-MC+N_6CUTE-M3-NOSTREET+N_6P07_TWV-ETC+N_6FPOUTS-NS>N_PC,"003.000,N_6CUTE-M3-NOSTREET:031.000=1S530",20,296.0,MB PRE-PLATE CLEAN,1S530
ZM046-K1NS,N_6HBT6-M3-MC+N_6CUTE-M3-NOSTREET+N_6P07_TWV-ETC+N_6FPOUTS-NS>N_PC,"003.000,N_6CUTE-M3-NOSTREET:022.000=1S668",20,287.0,VA 20x40 VIA ICP ETCH,1S668
UT051-Y1-M3-FCNS,N_6HBT8-M3-MC-FC+N_6P07_FC_NO_PROBE+N_6FPOUTS-FC-NS>N_PC,"002.000,N_6HBT8-M3-MC-FC:209.000=U0299",20,254.0,V1 RESIST COAT,U0299
ZP018-K1NS,N_6RTWV_CIM_VIAETCH,002.000=1S035,3,2.0,VA Pre-etch Clean Recovery,1S035
ZP018-K1NS,N_6BIFET6-M3-MC+N_6CUTE-M3-NOSTREET+N_6P07_TWV-ETC+N_6FPOUTS-NS>N_PC,"004.000,N_6P07_TWV-ETC:004.000,N_6PROBE_ENGREVIEW:001.000=1S275",19,398.0,PROBE ENGINEERING REVIEW,1S275
ZP018-K1NS,N_6BIFET6-M3-MC+N_6CUTE-M3-NOSTREET+N_6P07_TWV-ETC+N_6FPOUTS-NS>N_PC,"004.000,N_6P07_TWV-ETC:010.500=1S966",20,411.0,HOLD LOT TYPE,1S966
ZP048-J1NS,N_6BIFET6-M3-MC+N_6CUTE-M3-NOSTREET+N_6P07_TWV-ETC+N_6FPOUTS-NS>N_PC,"004.000,N_6P07_TWV-ETC:004.000,N_6PROBE_ENGREVIEW:001.000=1S275",16,398.0,PROBE ENGINEERING REVIEW,1S275
ZM103-Y1NS,N_6HBT6-M3-MC+N_6CUTE-M3+N_6P07_TWV-ETC+N_6FPOUTS-NS>N_PC,"002.000,N_6HBT6-M3-MC:027.000=7S248",20,27.0,BP 400A InGaP/4.6K GaAs ETCH w/EP,2T045
ZP060-Y1NS,N_6BIFET6-M3-MC-FC+N_6P07_FC_NO_PROBE+N_6FPOUTS-FC-NS>N_PC,"002.000,N_6BIFET6-M3-MC-FC:080.000=8S065",20,80.0,BC PHOTO SURFACE CLEAN,7S053
ZN033-Y2NS,N_6BIHEMT7-P1-M3-MC+N_6CUTE-M3+N_6P07_TWV-ETC+N_6FPOUTS-NS>N_PC,"004.000,N_6P07_TWV-ETC:002.000,N_6PROBE:001.000=1S551",18,475.0,FP FUNCTIONAL PROBE,1S551
ZR061-J1NS,N_6BIHEMT5-M3-MC_1+N_6CUTE-M3-NOSTREET+N_6P07_TWV-ETC+N_6FPOUTS-NS>N_PC,"002.000,N_6BIHEMT5-M3-MC_1:312.000=2S483",20,314.0,DL TOPCOAT DEPOSITION,U0360
ZR061-J1NS,N_6BIHEMT5-M3-MC_1+N_6CUTE-M3-NOSTREET+N_6P07_TWV-ETC+N_6FPOUTS-NS>N_PC,"002.000,N_6BIHEMT5-M3-MC_1:062.000=9S330",20,63.0,BO 400A NITRIDE ETCH,9S330
ZR029-L1NS,N_6BIHEMT5-M3-MC_1+N_6CUTE-M3-NOSTREET+N_6P07_TWV-ETC+N_6FPOUTS-NS>N_PC,"004.000,N_6P07_TWV-ETC:010.700=2S574",10,415.0,PRE - OUTGOING WAFER INSPECTION,2S574
ZR029-L1NS,N_6BIHEMT5-M3-MC_1+N_6CUTE-M3-NOSTREET+N_6P07_TWV-ETC+N_6FPOUTS-NS>N_PC,"002.000,N_6BIHEMT5-M3-MC_1:223.000=9S313",10,223.0,MC RESIST COAT,U0277
ZR064-J1NS,N_6BIHEMT5-M3-MC_1+N_6CUTE-M3-NOSTREET+N_6P07_TWV-ETC+N_6FPOUTS-NS>N_PC,"004.000,N_6P07_TWV-ETC:002.000,N_6PROBE:003.000,N_MAPMERGE:002.000=1S844",20,395.99,MAP MERGE,1S844
UT073-Y2-M3-FCNS,N_6HBT8-M3-MC-FC+N_6P07_FC_NO_PROBE+N_6FPOUTS-FC-NS>N_PC,"002.000,N_6HBT8-M3-MC-FC:087.000=U0197",20,106.0,GL PHOTO SURFACE CLEAN,U0197
UT054-Y3-M3-FCNS,N_6HBT8-M3-MC-FC+N_6P07_FC_NO_PROBE+N_6FPOUTS-FC-NS>N_PC,"002.000,N_6HBT8-M3-MC-FC:087.000=U0197",20,106.0,GL PHOTO SURFACE CLEAN,U0197
ZT030-Y2NS,N_6HBT8-M3-MC-FC+N_6P07_FC_NO_PROBE+N_6FPOUTS-FC-NS>N_PC,"002.000,N_6HBT8-M3-MC-FC:089.000=U0142",10,108.0,GL_17 EXPOSE,U0142
ZG053-K1NS,N_6HBT5-M3_1+N_6CUTE-M3-NOSTREET+N_6P07_TWV-ETC+N_6FPOUTS-NS>N_PC,"002.000,N_6HBT5-M3_1:091.000=5S075",20,91.0,CV EXPOSE,U0214
63735-J2NS,N_6HBT4-M3_1+N_6TWV-M3+N_6P07_TWV-ETC+N_6FPOUTS-NS>N_PC,"002.000,N_6HBT4-M3_1:222.000=1S697",20,223.0,M3 ADHESION,U0341
ZT036-J1NS,N_6HBT8-M3-MC-FC+N_6P07_FC_NO_PROBE+N_6FPOUTS-FC-NS>N_PC,"002.000,N_6HBT8-M3-MC-FC:057.000,N_6PBI_INSPECT:002.000=2S542",20,58.0,PBI AUGUST INSPECTION,2S542
ZT035-J1NS,N_6HBT8-M3-MC-FC+N_6P07_FC_NO_PROBE+N_6FPOUTS-FC-NS>N_PC,"002.000,N_6HBT8-M3-MC-FC:055.000=U0143",20,56.0,BC MATRIX DESCUM,U0143
UT054-Y2-M3-FCNS,N_6HBT8-M3-MC-FC+N_6P07_FC_NO_PROBE+N_6FPOUTS-FC-NS>N_PC,"002.000,N_6HBT8-M3-MC-FC:087.000=U0197",20,106.0,GL PHOTO SURFACE CLEAN,U0197
ZT032-Y2NS,N_6HBT8-M3-MC-FC+N_6P07_FC_NO_PROBE+N_6FPOUTS-FC-NS>N_PC,"002.000,N_6HBT8-M3-MC-FC:183.000=U0274",20,215.0,DL HBTMIM PRE CLEAN,U0274
ZT013-J1NS,N_6HBT8-M3-MC-FC+N_6P07_FC_NO_PROBE+N_6FPOUTS-FC-NS>N_PC,"003.000,N_6P07_FC_NO_PROBE:006.000=1S897",1,372.0,OUTGOING WAFER INSPECTION,1S671
UT069-Y1-M3-FCNS,N_6HBT8-M3-MC-FC+N_6P07_FC_NO_PROBE+N_6FPOUTS-FC-NS>N_PC,"002.000,N_6HBT8-M3-MC-FC:292.000=U0390",7,357.0,FP DC DATA REVIEW,U0390
