id,wafer_num,prd,route,priority,start_time_in_hour,due_time_in_hour,cycle_time
1690429841.2990563,20,ZT003-J1NS,N_6HBT8-M3-MC+N_6CUTE-M3-NOSTREET+N_6P07_TWV-ETC+N_6FPOUTS-NS>N_PC,5,3,2163,-1
1690429841.9143786,20,ZT003-J1NS,N_6HBT8-M3-MC+N_6CUTE-M3-NOSTREET+N_6P07_TWV-ETC+N_6FPOUTS-NS>N_PC,5,6,2166,-1
1690429842.534719,20,ZT003-J1NS,N_6HBT8-M3-MC+N_6CUTE-M3-NOSTREET+N_6P07_TWV-ETC+N_6FPOUTS-NS>N_PC,5,9,2169,-1
1690429843.1849806,20,ZT003-J1NS,N_6HBT8-M3-MC+N_6CUTE-M3-NOSTREET+N_6P07_TWV-ETC+N_6FPOUTS-NS>N_PC,5,12,2172,-1
1690429843.9638948,20,ZT003-J1NS,N_6HBT8-M3-MC+N_6CUTE-M3-NOSTREET+N_6P07_TWV-ETC+N_6FPOUTS-NS>N_PC,5,16,2176,-1
1690429844.5543487,20,ZT003-J1NS,N_6HBT8-M3-MC+N_6CUTE-M3-NOSTREET+N_6P07_TWV-ETC+N_6FPOUTS-NS>N_PC,5,19,2179,-1
1690429845.1876538,20,ZT003-J1NS,N_6HBT8-M3-MC+N_6CUTE-M3-NOSTREET+N_6P07_TWV-ETC+N_6FPOUTS-NS>N_PC,5,22,2182,-1
1690429845.7770839,20,ZT003-J1NS,N_6HBT8-M3-MC+N_6CUTE-M3-NOSTREET+N_6P07_TWV-ETC+N_6FPOUTS-NS>N_PC,5,25,2185,-1
1690429846.5828042,20,ZT003-J1NS,N_6HBT8-M3-MC+N_6CUTE-M3-NOSTREET+N_6P07_TWV-ETC+N_6FPOUTS-NS>N_PC,5,29,2189,-1
1690429847.2091286,20,ZT003-J1NS,N_6HBT8-M3-MC+N_6CUTE-M3-NOSTREET+N_6P07_TWV-ETC+N_6FPOUTS-NS>N_PC,5,32,2192,-1
1690429847.8324616,20,ZT003-J1NS,N_6HBT8-M3-MC+N_6CUTE-M3-NOSTREET+N_6P07_TWV-ETC+N_6FPOUTS-NS>N_PC,5,35,2195,-1
1690429848.467763,20,ZT003-J1NS,N_6HBT8-M3-MC+N_6CUTE-M3-NOSTREET+N_6P07_TWV-ETC+N_6FPOUTS-NS>N_PC,5,38,2198,-1
1690429849.150926,20,ZT003-J1NS,N_6HBT8-M3-MC+N_6CUTE-M3-NOSTREET+N_6P07_TWV-ETC+N_6FPOUTS-NS>N_PC,5,41,2201,-1
1690429850.0067317,20,ZT003-J1NS,N_6HBT8-M3-MC+N_6CUTE-M3-NOSTREET+N_6P07_TWV-ETC+N_6FPOUTS-NS>N_PC,5,45,2205,-1
1690429850.6546268,20,ZT003-J1NS,N_6HBT8-M3-MC+N_6CUTE-M3-NOSTREET+N_6P07_TWV-ETC+N_6FPOUTS-NS>N_PC,5,48,2208,-1
1690429851.3128672,20,ZT003-J1NS,N_6HBT8-M3-MC+N_6CUTE-M3-NOSTREET+N_6P07_TWV-ETC+N_6FPOUTS-NS>N_PC,5,51,2211,-1
1690429851.9693458,20,ZT003-J1NS,N_6HBT8-M3-MC+N_6CUTE-M3-NOSTREET+N_6P07_TWV-ETC+N_6FPOUTS-NS>N_PC,5,54,2214,-1
1690429852.8709335,20,ZT003-J1NS,N_6HBT8-M3-MC+N_6CUTE-M3-NOSTREET+N_6P07_TWV-ETC+N_6FPOUTS-NS>N_PC,5,58,2218,-1
1690429853.635887,20,ZT003-J1NS,N_6HBT8-M3-MC+N_6CUTE-M3-NOSTREET+N_6P07_TWV-ETC+N_6FPOUTS-NS>N_PC,5,61,2221,-1
1690429854.4706564,20,ZT003-J1NS,N_6HBT8-M3-MC+N_6CUTE-M3-NOSTREET+N_6P07_TWV-ETC+N_6FPOUTS-NS>N_PC,5,64,2224,-1
1690429855.1240516,20,ZT003-J1NS,N_6HBT8-M3-MC+N_6CUTE-M3-NOSTREET+N_6P07_TWV-ETC+N_6FPOUTS-NS>N_PC,5,67,2227,-1
1690429856.0577629,20,ZT003-J1NS,N_6HBT8-M3-MC+N_6CUTE-M3-NOSTREET+N_6P07_TWV-ETC+N_6FPOUTS-NS>N_PC,5,71,2231,-1
1690429856.7322764,20,ZT003-J1NS,N_6HBT8-M3-MC+N_6CUTE-M3-NOSTREET+N_6P07_TWV-ETC+N_6FPOUTS-NS>N_PC,5,74,2234,-1
1690429857.4735417,20,ZT003-J1NS,N_6HBT8-M3-MC+N_6CUTE-M3-NOSTREET+N_6P07_TWV-ETC+N_6FPOUTS-NS>N_PC,5,77,2237,-1
1690429858.1846354,20,ZT003-J1NS,N_6HBT8-M3-MC+N_6CUTE-M3-NOSTREET+N_6P07_TWV-ETC+N_6FPOUTS-NS>N_PC,5,80,2240,-1
1690429858.9376206,20,ZT003-J1NS,N_6HBT8-M3-MC+N_6CUTE-M3-NOSTREET+N_6P07_TWV-ETC+N_6FPOUTS-NS>N_PC,5,83,2243,-1
1690429859.858159,20,ZT003-J1NS,N_6HBT8-M3-MC+N_6CUTE-M3-NOSTREET+N_6P07_TWV-ETC+N_6FPOUTS-NS>N_PC,5,87,2247,-1
1690429861.3427212,20,ZT003-J1NS,N_6HBT8-M3-MC+N_6CUTE-M3-NOSTREET+N_6P07_TWV-ETC+N_6FPOUTS-NS>N_PC,5,90,2250,-1
1690429862.0663962,20,ZT003-J1NS,N_6HBT8-M3-MC+N_6CUTE-M3-NOSTREET+N_6P07_TWV-ETC+N_6FPOUTS-NS>N_PC,5,93,2253,-1
1690429862.7336838,20,ZT003-J1NS,N_6HBT8-M3-MC+N_6CUTE-M3-NOSTREET+N_6P07_TWV-ETC+N_6FPOUTS-NS>N_PC,5,96,2256,-1
1690429864.1332662,20,ZT003-J1NS,N_6HBT8-M3-MC+N_6CUTE-M3-NOSTREET+N_6P07_TWV-ETC+N_6FPOUTS-NS>N_PC,5,100,2260,-1
1690429864.7683392,20,ZT003-J1NS,N_6HBT8-M3-MC+N_6CUTE-M3-NOSTREET+N_6P07_TWV-ETC+N_6FPOUTS-NS>N_PC,5,103,2263,-1
1690429865.404668,20,ZT003-J1NS,N_6HBT8-M3-MC+N_6CUTE-M3-NOSTREET+N_6P07_TWV-ETC+N_6FPOUTS-NS>N_PC,5,106,2266,-1
1690429866.5519829,20,ZT003-J1NS,N_6HBT8-M3-MC+N_6CUTE-M3-NOSTREET+N_6P07_TWV-ETC+N_6FPOUTS-NS>N_PC,5,109,2269,-1
1690429867.4067721,20,ZT003-J1NS,N_6HBT8-M3-MC+N_6CUTE-M3-NOSTREET+N_6P07_TWV-ETC+N_6FPOUTS-NS>N_PC,5,113,2273,-1
1690429868.0565512,20,ZT003-J1NS,N_6HBT8-M3-MC+N_6CUTE-M3-NOSTREET+N_6P07_TWV-ETC+N_6FPOUTS-NS>N_PC,5,116,2276,-1
1690429869.2512748,20,ZT003-J1NS,N_6HBT8-M3-MC+N_6CUTE-M3-NOSTREET+N_6P07_TWV-ETC+N_6FPOUTS-NS>N_PC,5,119,2279,-1
1690429869.8985393,20,ZT003-J1NS,N_6HBT8-M3-MC+N_6CUTE-M3-NOSTREET+N_6P07_TWV-ETC+N_6FPOUTS-NS>N_PC,5,122,2282,-1
1690429870.5420933,20,ZT003-J1NS,N_6HBT8-M3-MC+N_6CUTE-M3-NOSTREET+N_6P07_TWV-ETC+N_6FPOUTS-NS>N_PC,5,125,2285,-1
1690429871.9998312,20,ZT003-J1NS,N_6HBT8-M3-MC+N_6CUTE-M3-NOSTREET+N_6P07_TWV-ETC+N_6FPOUTS-NS>N_PC,5,129,2289,-1
1690429872.6709788,20,ZT003-J1NS,N_6HBT8-M3-MC+N_6CUTE-M3-NOSTREET+N_6P07_TWV-ETC+N_6FPOUTS-NS>N_PC,5,132,2292,-1
